ticker,date,timeframe,current_price,data_points,daily_ema10,daily_ema10slope,daily_ema20,daily_ema20slope,daily_sma10,daily_sma10slope,daily_price2_sma10pct,daily_sma20,daily_sma20slope,daily_price2_sma20pct,daily_sma50,daily_sma50slope,daily_price2_sma50pct,daily_sma200,daily_sma200slope,daily_price2_sma200pct,daily_sma250,daily_sma250slope,daily_price2_sma250pct,daily_sma350,daily_sma350slope,daily_price2_sma350pct,daily_rsi_14,daily_price_position_52w,daily_macd,daily_macd_signal,daily_macd_histogram,atr,atr_pct,sma50,atrext_dollar,atrext_percent,atr_percentile_100,daily_daily_daily_1d_pct_change,daily_5period_pct_change,daily_10period_pct_change,daily_daily_daily_3d_pct_change,daily_daily_daily_5d_pct_change,daily_daily_weekly_7d_pct_change,daily_daily_weekly_14d_pct_change,daily_daily_monthly_22d_pct_change,daily_daily_monthly_44d_pct_change,daily_daily_quarterly_66d_pct_change,daily_daily_quarterly_132d_pct_change,daily_daily_yearly_252d_pct_change,daily_momentum_20,daily_quarter_pct_change,daily_half_year_pct_change,daily_year_pct_change,daily_avg_volume_20,daily_volume_trend,obv,obv_trend,daily_ATH,daily_ATL,daily_is_new_ATH,daily_is_new_ATL,daily_distance_from_ATH_pct,daily_distance_from_ATL_pct,daily_ATH_ATL_position_pct,daily_candle_strength,daily_candle_strength_pct,daily_body_ratio,daily_upper_wick_ratio,daily_lower_wick_ratio,daily_oppression_factor,daily_candle_type,daily_is_bullish,total_range,body_size,daily_wick_dominance,directional_strength,daily_avg_candle_strength_5,daily_avg_candle_strength_5_pct,market_cap,market_cap_currency,sector,industry,exchange,analyst rating,upcoming earnings date,recent earnings date,index,NASDAQComposite,SP500,SP500ConsumerDiscretionary,Russell3000,Russell1000,NASDAQIndustrials,NASDAQBank,NasdaqUSLargeCapGrowth,Russell2000,SPMidCap400,MiniRussell2000,SP500ESG,NASDAQ100,SP100,NASDAQUSBenchmarkFoodProducers,NasdaqUSSmallCapGrowth,NASDAQComputer,DowJonesIndustrialAverage,KBWNASDAQBank,SP500Financials,DowJonesCompositeAverage,SP500HealthCare,NASDAQBiotechnology,SP500Industrials,PHLXSemiconductorSector,SP500InformationTechnology,SP500CommunicationServices,NASDAQTelecommunications,NASDAQRealEstateandOtherFinancialServices,NASDAQ100TechnologySector,NASDAQCBInsightsMetaverseUSIndex,NasdaqUSMidCapGrowth,PHLXHousingSector,SP500Energy,NYSEArcaMajorMarket,SP500Materials,SP500ConsumerStaples,NASDAQInsurance,NASDAQTransportation,DowJonesTransportationAverage,ISECTACloudComputing,KBWNASDAQFinancialTechnologyIndex,NASDAQCleanEdgeGreenEnergy,SP500RealEstate,NASDAQGoldenDragonChina,SP500Utilities,PHLXUtilitiesSector,DowJonesUtilityAverage,PHLXGoldSilverSector,PHLXOilServiceSector,MainIndex,exchange_NASDAQ,exchange_NYSE,exchange_AMEX,rating_Neutral,rating_Buy,rating_Sell,rating_Strong_buy,rating_Strong_sell,filter_applied,universe_name,generation_source,generation_date,source_basic_calculation,timeframe_stage_analysis,date_stage_analysis,current_price_stage_analysis,daily_sa_code,daily_sa_name,daily_sa_color_code,daily_atr_ratio_sma_50,daily_ma_alignment,daily_price_vs_ema_fast,daily_price_vs_sma_medium,daily_price_vs_sma_slow,daily_ema10_stage_analysis,daily_ema10slope_stage_analysis,daily_ema20_stage_analysis,daily_ema20slope_stage_analysis,daily_sma10_stage_analysis,daily_sma10slope_stage_analysis,daily_price2_sma10pct_stage_analysis,daily_sma20_stage_analysis,daily_sma20slope_stage_analysis,daily_price2_sma20pct_stage_analysis,daily_sma50_stage_analysis,daily_sma50slope_stage_analysis,daily_price2_sma50pct_stage_analysis,daily_sma200_stage_analysis,daily_sma200slope_stage_analysis,daily_price2_sma200pct_stage_analysis,daily_sma250_stage_analysis,daily_sma250slope_stage_analysis,daily_price2_sma250pct_stage_analysis,daily_sma350_stage_analysis,daily_sma350slope_stage_analysis,daily_price2_sma350pct_stage_analysis,daily_rsi_14_stage_analysis,daily_price_position_52w_stage_analysis,daily_macd_stage_analysis,daily_macd_signal_stage_analysis,daily_macd_histogram_stage_analysis,market_cap_stage_analysis,market_cap_currency_stage_analysis,sector_stage_analysis,industry_stage_analysis,exchange_stage_analysis,analyst rating_stage_analysis,upcoming earnings date_stage_analysis,recent earnings date_stage_analysis,index_stage_analysis,NASDAQComposite_stage_analysis,SP500_stage_analysis,SP500ConsumerDiscretionary_stage_analysis,Russell3000_stage_analysis,Russell1000_stage_analysis,NASDAQIndustrials_stage_analysis,NASDAQBank_stage_analysis,NasdaqUSLargeCapGrowth_stage_analysis,Russell2000_stage_analysis,SPMidCap400_stage_analysis,MiniRussell2000_stage_analysis,SP500ESG_stage_analysis,NASDAQ100_stage_analysis,SP100_stage_analysis,NASDAQUSBenchmarkFoodProducers_stage_analysis,NasdaqUSSmallCapGrowth_stage_analysis,NASDAQComputer_stage_analysis,DowJonesIndustrialAverage_stage_analysis,KBWNASDAQBank_stage_analysis,SP500Financials_stage_analysis,DowJonesCompositeAverage_stage_analysis,SP500HealthCare_stage_analysis,NASDAQBiotechnology_stage_analysis,SP500Industrials_stage_analysis,PHLXSemiconductorSector_stage_analysis,SP500InformationTechnology_stage_analysis,SP500CommunicationServices_stage_analysis,NASDAQTelecommunications_stage_analysis,NASDAQRealEstateandOtherFinancialServices_stage_analysis,NASDAQ100TechnologySector_stage_analysis,NASDAQCBInsightsMetaverseUSIndex_stage_analysis,NasdaqUSMidCapGrowth_stage_analysis,PHLXHousingSector_stage_analysis,SP500Energy_stage_analysis,NYSEArcaMajorMarket_stage_analysis,SP500Materials_stage_analysis,SP500ConsumerStaples_stage_analysis,NASDAQInsurance_stage_analysis,NASDAQTransportation_stage_analysis,DowJonesTransportationAverage_stage_analysis,ISECTACloudComputing_stage_analysis,KBWNASDAQFinancialTechnologyIndex_stage_analysis,NASDAQCleanEdgeGreenEnergy_stage_analysis,SP500RealEstate_stage_analysis,NASDAQGoldenDragonChina_stage_analysis,SP500Utilities_stage_analysis,PHLXUtilitiesSector_stage_analysis,DowJonesUtilityAverage_stage_analysis,PHLXGoldSilverSector_stage_analysis,PHLXOilServiceSector_stage_analysis,MainIndex_stage_analysis,exchange_NASDAQ_stage_analysis,exchange_NYSE_stage_analysis,exchange_AMEX_stage_analysis,rating_Neutral_stage_analysis,rating_Buy_stage_analysis,rating_Sell_stage_analysis,rating_Strong_buy_stage_analysis,rating_Strong_sell_stage_analysis,filter_applied_stage_analysis,universe_name_stage_analysis,generation_source_stage_analysis,generation_date_stage_analysis,source_stage_analysis
MELI,2025-09-05,daily,2417.49,421,2406.333,1.3475,2395.9916,1.9488,2419.069,5.7682,-0.0653,2380.3515,2.2927,1.5602,2405.015,-1.0713,0.5187,2172.2136,2.4434,11.2915,2145.7177,1.571,12.6658,2017.2043,2.6559,19.8436,53.2444,0.793,9.0641,3.9427,5.1213,70.6484,2.9224,2405.015,0.1766,0.1775,0.55,-0.171,-2.2411,-0.5402,1.8697,-2.2411,0.1682,2.2623,4.3272,-3.3422,-7.1004,13.5078,21.3849,3.5849,1.2773,14.7655,21.3849,325035.0,0.0465,8821000,-46560.0,2613.6299,1356.4301,False,False,-7.5045,78.2245,84.3987,0.025,2.5,0.0321,0.2218,0.7461,0.2218,Doji,False,128.8899,4.1399,0.9679,0.0321,0.2889,28.89,121954060979.0,USD,Retail trade,Internet retail,NASDAQ,Strong buy,2025-10-29,2025-08-04,"NASDAQ 100, NASDAQ Composite, NASDAQ Industrials",True,False,False,False,False,True,False,False,False,False,False,False,True,False,False,False,False,False,False,False,False,False,False,False,False,False,False,False,False,False,False,False,False,False,False,False,False,False,False,False,False,False,False,False,False,False,False,False,False,False,False,True,False,False,False,False,False,True,False,all_tickers,ticker_universe_all,simple_universe_generator,2025-09-29T08:27:42.448744,True,daily,2025-09-05,2417.49,2A,Bullish Trend,green_light,2.8101,Mixed,0.4637,1.5602,0.5187,2406.333,1.3475,2395.9916,1.9488,2419.069,5.7682,-0.0653,2380.3515,2.2927,1.5602,2405.015,-1.0713,0.5187,2172.2136,2.4434,11.2915,2145.7177,1.571,12.6658,2017.2043,2.6559,19.8436,53.2444,0.793,9.0641,3.9427,5.1213,121954060979.0,USD,Retail trade,Internet retail,NASDAQ,Strong buy,2025-10-29,2025-08-04,"NASDAQ 100, NASDAQ Composite, NASDAQ Industrials",True,False,False,False,False,True,False,False,False,False,False,False,True,False,False,False,False,False,False,False,False,False,False,False,False,False,False,False,False,False,False,False,False,False,False,False,False,False,False,False,False,False,False,False,False,False,False,False,False,False,False,True,False,False,False,False,False,True,False,all_tickers,ticker_universe_all,simple_universe_generator,2025-09-29T08:27:42.448744,True
REGN,2025-09-05,daily,573.38,421,574.8684,-1.0792,572.9828,-0.1106,577.908,-1.0278,-0.7835,574.1123,0.5203,-0.1275,560.3547,1.1565,2.3245,624.8968,-1.1816,-8.244,697.6107,-2.3795,-17.808,794.1352,-1.0062,-27.7982,47.2245,0.1316,4.0212,6.3077,-2.2865,17.1178,2.9854,560.3547,0.7609,0.7786,0.37,1.4562,-1.2605,-2.7312,1.6992,-1.2605,-2.3136,-0.0923,3.4444,6.7162,17.7081,-18.168,-51.1741,2.6615,10.7309,-15.2296,-51.1741,997705.0,-0.0658,-11082100,107730.0,1196.6301,482.3376,False,False,-52.0838,18.8752,12.7458,0.6379,63.79,0.6455,0.3427,0.0118,0.0118,Moderate Body,True,12.75,8.23,0.3545,0.6455,0.3591,35.91,62283522712.0,USD,Health technology,Pharmaceuticals: major,NASDAQ,Buy,2025-10-30,2025-08-01,"S&P 500, NASDAQ 100, NASDAQ Composite, S&P 500 Health Care, Russell 3000, Russell 1000, NASDAQ Biotechnology, S&P 500 ESG",True,True,False,True,True,False,False,False,False,False,False,True,True,False,False,False,False,False,False,False,False,True,True,False,False,False,False,False,False,False,False,False,False,False,False,False,False,False,False,False,False,False,False,False,False,False,False,False,False,False,False,True,False,False,False,True,False,False,False,all_tickers,ticker_universe_all,simple_universe_generator,2025-09-29T08:27:42.448744,True,daily,2025-09-05,573.38,3A,Bullish Fade,orange_light,3.139,Bullish,-0.2589,-0.1275,2.3245,574.8684,-1.0792,572.9828,-0.1106,577.908,-1.0278,-0.7835,574.1123,0.5203,-0.1275,560.3547,1.1565,2.3245,624.8968,-1.1816,-8.244,697.6107,-2.3795,-17.808,794.1352,-1.0062,-27.7982,47.2245,0.1316,4.0212,6.3077,-2.2865,62283522712.0,USD,Health technology,Pharmaceuticals: major,NASDAQ,Buy,2025-10-30,2025-08-01,"S&P 500, NASDAQ 100, NASDAQ Composite, S&P 500 Health Care, Russell 3000, Russell 1000, NASDAQ Biotechnology, S&P 500 ESG",True,True,False,True,True,False,False,False,False,False,False,True,True,False,False,False,False,False,False,False,False,True,True,False,False,False,False,False,False,False,False,False,False,False,False,False,False,False,False,False,False,False,False,False,False,False,False,False,False,False,False,True,False,False,False,True,False,False,False,all_tickers,ticker_universe_all,simple_universe_generator,2025-09-29T08:27:42.448744,True
KLAC,2025-09-05,daily,905.09,421,878.4406,-2.0976,884.4917,-1.8657,876.145,-0.8542,3.3037,890.0029,-1.3564,1.6952,902.0921,-0.0393,0.3323,758.0751,1.0645,19.3932,749.6365,0.438,20.7372,753.1533,0.5318,20.1734,59.8199,0.8729,-6.8815,-6.4521,-0.4294,25.3648,2.8025,902.0921,0.1182,0.1186,0.45,2.8944,3.7947,3.9999,7.2509,3.7947,1.8225,2.4564,2.1142,-0.6093,16.9208,30.048,22.643,-6.7588,4.0206,26.5844,22.643,944975.0,0.3705,35047100,41850.0,953.3352,535.8386,False,False,-5.0607,68.9109,88.4442,0.8698,86.98,0.9119,0.0419,0.0462,0.0462,Strong Body,True,27.92,25.46,0.0881,0.9119,0.4452,44.52,117194898361.0,USD,Electronic technology,Semiconductors,NASDAQ,Buy,2025-10-22,2025-07-31,"S&P 500, NASDAQ 100, NASDAQ Composite, PHLX Semiconductor Sector, S&P 500 Information Technology, Nasdaq US Large Cap Growth, Russell 3000, NASDAQ-100 Technology Sector, Russell 1000, NASDAQ Computer, S&P 500 ESG",True,True,False,True,True,False,False,True,False,False,False,True,True,False,False,False,True,False,False,False,False,False,False,False,True,True,False,False,False,True,False,False,False,False,False,False,False,False,False,False,False,False,False,False,False,False,False,False,False,False,False,True,False,False,False,True,False,False,False,all_tickers,ticker_universe_all,simple_universe_generator,2025-09-29T08:27:42.448744,True,daily,2025-09-05,905.09,2A,Bullish Trend,green_light,2.3354,Bearish,3.0337,1.6952,0.3323,878.4406,-2.0976,884.4917,-1.8657,876.145,-0.8542,3.3037,890.0029,-1.3564,1.6952,902.0921,-0.0393,0.3323,758.0751,1.0645,19.3932,749.6365,0.438,20.7372,753.1533,0.5318,20.1734,59.8199,0.8729,-6.8815,-6.4521,-0.4294,117194898361.0,USD,Electronic technology,Semiconductors,NASDAQ,Buy,2025-10-22,2025-07-31,"S&P 500, NASDAQ 100, NASDAQ Composite, PHLX Semiconductor Sector, S&P 500 Information Technology, Nasdaq US Large Cap Growth, Russell 3000, NASDAQ-100 Technology Sector, Russell 1000, NASDAQ Computer, S&P 500 ESG",True,True,False,True,True,False,False,True,False,False,False,True,True,False,False,False,True,False,False,False,False,False,False,False,True,True,False,False,False,True,False,False,False,False,False,False,False,False,False,False,False,False,False,False,False,False,False,False,False,False,False,True,False,False,False,True,False,False,False,all_tickers,ticker_universe_all,simple_universe_generator,2025-09-29T08:27:42.448744,True
SNPS,2025-09-05,daily,598.14,421,601.0656,-1.1943,603.2819,-0.7434,600.261,-1.3516,-0.3533,607.7105,-1.4163,-1.5748,591.1156,2.4255,1.1883,511.5624,0.2102,16.9242,511.8509,0.4131,16.8582,525.1567,0.0926,13.8974,40.4539,0.8215,0.4424,3.7602,-3.3178,14.9533,2.5,591.1156,0.4698,0.4753,0.23,-1.9073,-0.8914,-1.3817,1.0167,-0.8914,-0.8339,-4.3481,-4.4322,11.4851,28.2846,31.5432,25.2571,-3.5049,19.4536,31.8912,25.2571,1042800.0,0.2299,9032100,-260970.0,645.35,380.9,False,False,-7.3154,57.0333,82.1479,0.3945,39.45,0.5501,0.2829,0.167,0.2829,Moderate Body,False,21.14,11.63,0.4499,0.5501,0.2605,26.05,110286009521.0,USD,Technology services,Packaged software,NASDAQ,Strong buy,2025-09-09,2025-05-28,"S&P 500, NASDAQ 100, NASDAQ Composite, S&P 500 Information Technology, Nasdaq US Large Cap Growth, Russell 3000, NASDAQ-100 Technology Sector, Russell 1000, NASDAQ Computer",True,True,False,True,True,False,False,True,False,False,False,False,True,False,False,False,True,False,False,False,False,False,False,False,False,True,False,False,False,True,False,False,False,False,False,False,False,False,False,False,False,False,False,False,False,False,False,False,False,False,False,True,False,False,False,False,False,True,False,all_tickers,ticker_universe_all,simple_universe_generator,2025-09-29T08:27:42.448744,True,daily,2025-09-05,598.14,3A,Bullish Fade,orange_light,2.2571,Mixed,-0.4867,-1.5748,1.1883,601.0656,-1.1943,603.2819,-0.7434,600.261,-1.3516,-0.3533,607.7105,-1.4163,-1.5748,591.1156,2.4255,1.1883,511.5624,0.2102,16.9242,511.8509,0.4131,16.8582,525.1567,0.0926,13.8974,40.4539,0.8215,0.4424,3.7602,-3.3178,110286009521.0,USD,Technology services,Packaged software,NASDAQ,Strong buy,2025-09-09,2025-05-28,"S&P 500, NASDAQ 100, NASDAQ Composite, S&P 500 Information Technology, Nasdaq US Large Cap Growth, Russell 3000, NASDAQ-100 Technology Sector, Russell 1000, NASDAQ Computer",True,True,False,True,True,False,False,True,False,False,False,False,True,False,False,False,True,False,False,False,False,False,False,False,False,True,False,False,False,True,False,False,False,False,False,False,False,False,False,False,False,False,False,False,False,False,False,False,False,False,False,True,False,False,False,False,False,True,False,all_tickers,ticker_universe_all,simple_universe_generator,2025-09-29T08:27:42.448744,True
TMUS,2025-09-05,daily,252.76,421,252.6153,0.1272,250.848,0.2842,252.223,-0.3956,0.2129,252.7355,0.6613,0.0097,242.5172,0.5408,4.2235,241.9327,0.0867,4.4753,236.0972,0.225,7.0576,218.7138,0.2723,15.5666,45.9152,0.7642,2.8871,3.6063,-0.7192,4.5541,1.8017,242.5172,2.2492,2.3442,0.16,-0.0277,0.3056,0.3215,0.0396,0.3056,0.557,-0.9483,5.6601,6.367,3.6411,-3.6451,28.5004,1.4544,9.4483,-2.4896,28.5004,3818725.0,-0.1791,195278600,106885.0,271.8267,156.972,False,False,-7.0143,61.0223,83.3993,0.005,0.5,0.017,0.7046,0.2784,0.7046,Doji,False,4.13,0.07,0.983,0.017,0.3064,30.64,282705235628.0,USD,Communications,Wireless telecommunications,NASDAQ,Buy,2025-10-23,2025-07-23,"S&P 500, NASDAQ 100, NASDAQ Composite, S&P 500 Communication Services, S&P 100, Nasdaq US Large Cap Growth, Russell 3000, Russell 1000, NASDAQ Telecommunications, S&P 500 ESG",True,True,False,True,True,False,False,True,False,False,False,True,True,True,False,False,False,False,False,False,False,False,False,False,False,False,True,True,False,False,False,False,False,False,False,False,False,False,False,False,False,False,False,False,False,False,False,False,False,False,False,True,False,False,False,True,False,False,False,all_tickers,ticker_universe_all,simple_universe_generator,2025-09-29T08:27:42.448744,True,daily,2025-09-05,252.76,2A,Bullish Trend,green_light,1.7722,Mixed,0.0573,0.0097,4.2235,252.6153,0.1272,250.848,0.2842,252.223,-0.3956,0.2129,252.7355,0.6613,0.0097,242.5172,0.5408,4.2235,241.9327,0.0867,4.4753,236.0972,0.225,7.0576,218.7138,0.2723,15.5666,45.9152,0.7642,2.8871,3.6063,-0.7192,282705235628.0,USD,Communications,Wireless telecommunications,NASDAQ,Buy,2025-10-23,2025-07-23,"S&P 500, NASDAQ 100, NASDAQ Composite, S&P 500 Communication Services, S&P 100, Nasdaq US Large Cap Growth, Russell 3000, Russell 1000, NASDAQ Telecommunications, S&P 500 ESG",True,True,False,True,True,False,False,True,False,False,False,True,True,True,False,False,False,False,False,False,False,False,False,False,False,False,True,True,False,False,False,False,False,False,False,False,False,False,False,False,False,False,False,False,False,False,False,False,False,False,False,True,False,False,False,True,False,False,False,all_tickers,ticker_universe_all,simple_universe_generator,2025-09-29T08:27:42.448744,True
BIIB,2025-09-05,daily,140.67,421,138.0919,0.4625,136.3699,0.3601,137.548,0.052,2.2698,136.2345,0.3995,3.2558,132.4176,0.2485,6.2321,136.7512,-0.1499,2.8656,146.7615,-0.2617,-4.1506,166.7648,-0.1833,-15.6477,54.0257,0.298,2.1524,1.8726,0.2798,4.1388,2.9422,132.4176,1.9939,2.1182,0.73,0.3854,6.3909,0.9762,-0.6708,6.3909,3.1607,3.5023,8.7599,8.0996,6.6975,0.5648,-31.3637,5.5266,5.7192,-1.9994,-31.3637,1451540.0,0.3511,-42057000,336395.0,267.71,113.38,False,False,-47.4543,24.0695,17.6829,0.1223,12.23,0.1274,0.8325,0.0401,0.0401,Weak Body,True,4.24,0.54,0.8726,0.1274,0.3612,36.12,20045147403.0,USD,Health technology,Pharmaceuticals: major,NASDAQ,Buy,2025-10-22,2025-07-31,"S&P 500, NASDAQ 100, NASDAQ Composite, S&P 500 Health Care, Russell 3000, Russell 1000, NASDAQ Biotechnology, S&P 500 ESG",True,True,False,True,True,False,False,False,False,False,False,True,True,False,False,False,False,False,False,False,False,True,True,False,False,False,False,False,False,False,False,False,False,False,False,False,False,False,False,False,False,False,False,False,False,False,False,False,False,False,False,True,False,False,False,True,False,False,False,all_tickers,ticker_universe_all,simple_universe_generator,2025-09-29T08:27:42.448744,True,daily,2025-09-05,140.67,2A,Bullish Trend,green_light,2.9862,Bullish,1.867,3.2558,6.2321,138.0919,0.4625,136.3699,0.3601,137.548,0.052,2.2698,136.2345,0.3995,3.2558,132.4176,0.2485,6.2321,136.7512,-0.1499,2.8656,146.7615,-0.2617,-4.1506,166.7648,-0.1833,-15.6477,54.0257,0.298,2.1524,1.8726,0.2798,20045147403.0,USD,Health technology,Pharmaceuticals: major,NASDAQ,Buy,2025-10-22,2025-07-31,"S&P 500, NASDAQ 100, NASDAQ Composite, S&P 500 Health Care, Russell 3000, Russell 1000, NASDAQ Biotechnology, S&P 500 ESG",True,True,False,True,True,False,False,False,False,False,False,True,True,False,False,False,False,False,False,False,False,True,True,False,False,False,False,False,False,False,False,False,False,False,False,False,False,False,False,False,False,False,False,False,False,False,False,False,False,False,False,True,False,False,False,True,False,False,False,all_tickers,ticker_universe_all,simple_universe_generator,2025-09-29T08:27:42.448744,True
QCOM,2025-09-05,daily,159.84,421,158.4525,0.1729,157.2638,0.2153,158.8722,0.2396,0.6092,156.7616,0.604,1.9638,156.3168,0.0993,2.2539,154.7527,-0.0188,3.2874,156.9084,-0.0203,1.8684,164.1135,-0.0285,-2.604,54.2286,0.7017,1.3665,1.0945,0.272,3.7389,2.3392,156.3168,0.9423,0.9635,0.4,-0.1499,-0.5537,1.1582,2.206,-0.5537,0.0438,0.5916,9.5996,1.107,7.963,4.6796,-1.1959,4.0071,0.2257,1.8045,-1.1959,6931195.0,0.1548,79324000,1221310.0,222.2067,123.9156,False,False,-28.067,28.991,36.549,0.0119,1.19,0.0553,0.7857,0.159,0.7857,Doji,False,4.34,0.24,0.9447,0.0553,0.3198,31.98,171744428024.0,USD,Electronic technology,Semiconductors,NASDAQ,Buy,2025-11-05,2025-07-30,"S&P 500, NASDAQ 100, NASDAQ Composite, PHLX Semiconductor Sector, S&P 500 Information Technology, S&P 100, Russell 3000, NASDAQ-100 Technology Sector, Russell 1000, NASDAQ Computer, S&P 500 ESG, NASDAQ CB Insights Metaverse US Index",True,True,False,True,True,False,False,False,False,False,False,True,True,True,False,False,True,False,False,False,False,False,False,False,True,True,False,False,False,True,True,False,False,False,False,False,False,False,False,False,False,False,False,False,False,False,False,False,False,False,False,True,False,False,False,True,False,False,False,all_tickers,ticker_universe_all,simple_universe_generator,2025-09-29T08:27:42.448744,True,daily,2025-09-05,159.84,2A,Bullish Trend,green_light,2.2936,Bullish,0.8757,1.9638,2.2539,158.4525,0.1729,157.2638,0.2153,158.8722,0.2396,0.6092,156.7616,0.604,1.9638,156.3168,0.0993,2.2539,154.7527,-0.0188,3.2874,156.9084,-0.0203,1.8684,164.1135,-0.0285,-2.604,54.2286,0.7017,1.3665,1.0945,0.272,171744428024.0,USD,Electronic technology,Semiconductors,NASDAQ,Buy,2025-11-05,2025-07-30,"S&P 500, NASDAQ 100, NASDAQ Composite, PHLX Semiconductor Sector, S&P 500 Information Technology, S&P 100, Russell 3000, NASDAQ-100 Technology Sector, Russell 1000, NASDAQ Computer, S&P 500 ESG, NASDAQ CB Insights Metaverse US Index",True,True,False,True,True,False,False,False,False,False,False,True,True,True,False,False,True,False,False,False,False,False,False,False,True,True,False,False,False,True,True,False,False,False,False,False,False,False,False,False,False,False,False,False,False,False,False,False,False,False,False,True,False,False,False,True,False,False,False,all_tickers,ticker_universe_all,simple_universe_generator,2025-09-29T08:27:42.448744,True
GOOGL,2025-09-05,daily,235.0,421,219.1274,2.71,211.1697,1.8914,216.306,2.2836,8.6424,209.088,1.5077,12.3929,195.001,1.1185,20.5122,179.1778,0.2306,31.1547,176.2625,0.2639,33.3239,174.5301,0.1955,34.6473,83.7457,1.0,9.3227,6.7649,2.5578,5.5756,2.3726,195.001,7.174,8.6455,0.79,1.2059,10.3753,14.0279,1.8816,10.3753,13.2639,15.4791,19.8429,32.9261,41.5841,39.7955,50.9354,11.0383,32.5063,43.2129,50.9354,36033710.0,0.8455,1690371200,13891540.0,235.0,130.6166,True,False,0.0,79.9158,100.0,0.669,66.9,0.7254,0.1969,0.0777,0.0777,Strong Body,True,3.86,2.8,0.2746,0.7254,0.4405,44.05,2509549439362.0,USD,Technology services,Internet software/Services,NASDAQ,Strong buy,2025-10-28,2025-07-23,"S&P 500, NASDAQ 100, NASDAQ Composite, S&P 500 Communication Services, S&P 100, ISE CTA Cloud Computing, Nasdaq US Large Cap Growth, Russell 3000, NASDAQ-100 Technology Sector, Russell 1000, NASDAQ Computer, S&P 500 ESG, NASDAQ CB Insights Metaverse US Index",True,True,False,True,True,False,False,True,False,False,False,True,True,True,False,False,True,False,False,False,False,False,False,False,False,False,True,False,False,True,True,False,False,False,False,False,False,False,False,False,True,False,False,False,False,False,False,False,False,False,False,True,False,False,False,False,False,True,False,all_tickers,ticker_universe_all,simple_universe_generator,2025-09-29T08:27:42.448744,True,daily,2025-09-05,235.0,2A,Bullish Trend,green_light,2.9703,Bullish,7.2435,12.3929,20.5122,219.1274,2.71,211.1697,1.8914,216.306,2.2836,8.6424,209.088,1.5077,12.3929,195.001,1.1185,20.5122,179.1778,0.2306,31.1547,176.2625,0.2639,33.3239,174.5301,0.1955,34.6473,83.7457,1.0,9.3227,6.7649,2.5578,2509549439362.0,USD,Technology services,Internet software/Services,NASDAQ,Strong buy,2025-10-28,2025-07-23,"S&P 500, NASDAQ 100, NASDAQ Composite, S&P 500 Communication Services, S&P 100, ISE CTA Cloud Computing, Nasdaq US Large Cap Growth, Russell 3000, NASDAQ-100 Technology Sector, Russell 1000, NASDAQ Computer, S&P 500 ESG, NASDAQ CB Insights Metaverse US Index",True,True,False,True,True,False,False,True,False,False,False,True,True,True,False,False,True,False,False,False,False,False,False,False,False,False,True,False,False,True,True,False,False,False,False,False,False,False,False,False,True,False,False,False,False,False,False,False,False,False,False,True,False,False,False,False,False,True,False,all_tickers,ticker_universe_all,simple_universe_generator,2025-09-29T08:27:42.448744,True
GOOG,2025-09-05,daily,235.17,421,219.6641,2.6622,211.8276,1.8608,216.886,2.239,8.4302,209.8045,1.4923,12.0901,195.8306,1.11,20.0885,180.6265,0.2246,30.1968,177.7004,0.2598,32.3407,176.0151,0.1927,33.6078,83.4734,1.0,9.19,6.6862,2.5038,5.4937,2.336,195.8306,7.1609,8.5994,0.73,1.0788,10.1344,13.7626,1.7611,10.1344,12.9485,15.1158,19.4241,32.4454,40.3927,38.4883,49.7364,10.8127,31.5342,41.3536,49.7364,23169415.0,0.7099,1285608800,9086330.0,235.17,131.7767,True,False,0.0,78.461,100.0,0.6194,61.94,0.6693,0.256,0.0747,0.0747,Moderate Body,True,3.75,2.51,0.3307,0.6693,0.4359,43.59,2509549439362.0,USD,Technology services,Internet software/Services,NASDAQ,Strong buy,2025-10-28,2025-07-23,"S&P 500, NASDAQ 100, NASDAQ Composite, S&P 500 Communication Services, S&P 100, Nasdaq US Large Cap Growth, Russell 3000, NASDAQ-100 Technology Sector, Russell 1000, NASDAQ Computer, S&P 500 ESG",True,True,False,True,True,False,False,True,False,False,False,True,True,True,False,False,True,False,False,False,False,False,False,False,False,False,True,False,False,True,False,False,False,False,False,False,False,False,False,False,False,False,False,False,False,False,False,False,False,False,False,True,False,False,False,False,False,True,False,all_tickers,ticker_universe_all,simple_universe_generator,2025-09-29T08:27:42.448744,True,daily,2025-09-05,235.17,2A,Bullish Trend,green_light,2.9085,Bullish,7.0589,12.0901,20.0885,219.6641,2.6622,211.8276,1.8608,216.886,2.239,8.4302,209.8045,1.4923,12.0901,195.8306,1.11,20.0885,180.6265,0.2246,30.1968,177.7004,0.2598,32.3407,176.0151,0.1927,33.6078,83.4734,1.0,9.19,6.6862,2.5038,2509549439362.0,USD,Technology services,Internet software/Services,NASDAQ,Strong buy,2025-10-28,2025-07-23,"S&P 500, NASDAQ 100, NASDAQ Composite, S&P 500 Communication Services, S&P 100, Nasdaq US Large Cap Growth, Russell 3000, NASDAQ-100 Technology Sector, Russell 1000, NASDAQ Computer, S&P 500 ESG",True,True,False,True,True,False,False,True,False,False,False,True,True,True,False,False,True,False,False,False,False,False,False,False,False,False,True,False,False,True,False,False,False,False,False,False,False,False,False,False,False,False,False,False,False,False,False,False,False,False,False,True,False,False,False,False,False,True,False,all_tickers,ticker_universe_all,simple_universe_generator,2025-09-29T08:27:42.448744,True
PDD,2025-09-05,daily,124.68,421,122.8136,0.1992,120.7308,0.319,123.852,0.3506,0.6685,120.547,0.52,3.4285,113.975,0.3806,9.3924,109.7545,0.0403,13.5989,112.0383,0.1137,11.2834,118.3665,0.0113,5.3338,60.9728,0.5511,2.9057,3.0017,-0.0959,3.9236,3.1469,113.975,2.7284,2.9846,0.5,-0.9061,3.7099,-1.9117,0.2331,3.7099,2.0128,5.3574,9.426,18.4608,26.7975,5.0556,34.4259,6.9118,20.8608,-3.2739,34.4259,9911610.0,-0.4708,-44899300,2597815.0,157.57,88.35,False,False,-20.8733,41.1205,52.4848,0.3184,31.84,0.4634,0.313,0.2236,0.313,Moderate Body,False,2.46,1.14,0.5366,0.4634,0.4747,47.47,172082571990.0,USD,Retail trade,Department stores,NASDAQ,Buy,2025-11-21,2025-08-25,"NASDAQ 100, NASDAQ Composite, NASDAQ-100 Technology Sector, NASDAQ Computer",True,False,False,False,False,False,False,False,False,False,False,False,True,False,False,False,True,False,False,False,False,False,False,False,False,False,False,False,False,True,False,False,False,False,False,False,False,False,False,False,False,False,False,False,False,False,False,False,False,False,False,True,False,False,False,True,False,False,False,all_tickers,ticker_universe_all,simple_universe_generator,2025-09-29T08:27:42.448744,True,daily,2025-09-05,124.68,2A,Bullish Trend,green_light,3.8711,Bullish,1.5197,3.4285,9.3924,122.8136,0.1992,120.7308,0.319,123.852,0.3506,0.6685,120.547,0.52,3.4285,113.975,0.3806,9.3924,109.7545,0.0403,13.5989,112.0383,0.1137,11.2834,118.3665,0.0113,5.3338,60.9728,0.5511,2.9057,3.0017,-0.0959,172082571990.0,USD,Retail trade,Department stores,NASDAQ,Buy,2025-11-21,2025-08-25,"NASDAQ 100, NASDAQ Composite, NASDAQ-100 Technology Sector, NASDAQ Computer",True,False,False,False,False,False,False,False,False,False,False,False,True,False,False,False,True,False,False,False,False,False,False,False,False,False,False,False,False,True,False,False,False,False,False,False,False,False,False,False,False,False,False,False,False,False,False,False,False,False,False,True,False,False,False,True,False,False,False,all_tickers,ticker_universe_all,simple_universe_generator,2025-09-29T08:27:42.448744,True
NXPI,2025-09-05,daily,226.74,421,230.1952,-0.5243,228.5842,0.0681,233.39,0.1016,-2.8493,228.5545,1.0563,-0.7939,224.755,0.3427,0.8832,210.2722,0.0311,7.8317,214.4129,-0.0374,5.7492,225.6932,-0.0236,0.4638,47.5587,0.7454,2.5972,3.4593,-0.8621,7.17,3.1622,224.755,0.2768,0.2793,0.44,-0.2069,-3.4533,-3.445,-0.6398,-3.4533,-4.5988,-2.2714,10.1107,0.3274,14.4939,5.5554,-3.3011,4.8802,4.7777,9.0968,-3.3011,2603260.0,0.3578,-13400700,-189445.0,285.4485,152.7877,False,False,-20.5671,48.402,55.7454,0.0311,3.11,0.0748,0.5844,0.3408,0.5844,Doji,False,6.28,0.47,0.9252,0.0748,0.281,28.1,59957894474.0,USD,Electronic technology,Semiconductors,NASDAQ,Buy,2025-10-27,2025-07-21,"S&P 500, NASDAQ 100, NASDAQ Composite, PHLX Semiconductor Sector, S&P 500 Information Technology, NASDAQ-100 Technology Sector, NASDAQ Computer",True,True,False,False,False,False,False,False,False,False,False,False,True,False,False,False,True,False,False,False,False,False,False,False,True,True,False,False,False,True,False,False,False,False,False,False,False,False,False,False,False,False,False,False,False,False,False,False,False,False,False,True,False,False,False,True,False,False,False,all_tickers,ticker_universe_all,simple_universe_generator,2025-09-29T08:27:42.448744,True,daily,2025-09-05,226.74,3A,Bullish Fade,orange_light,3.1085,Bullish,-1.501,-0.7939,0.8832,230.1952,-0.5243,228.5842,0.0681,233.39,0.1016,-2.8493,228.5545,1.0563,-0.7939,224.755,0.3427,0.8832,210.2722,0.0311,7.8317,214.4129,-0.0374,5.7492,225.6932,-0.0236,0.4638,47.5587,0.7454,2.5972,3.4593,-0.8621,59957894474.0,USD,Electronic technology,Semiconductors,NASDAQ,Buy,2025-10-27,2025-07-21,"S&P 500, NASDAQ 100, NASDAQ Composite, PHLX Semiconductor Sector, S&P 500 Information Technology, NASDAQ-100 Technology Sector, NASDAQ Computer",True,True,False,False,False,False,False,False,False,False,False,False,True,False,False,False,True,False,False,False,False,False,False,False,True,True,False,False,False,True,False,False,False,False,False,False,False,False,False,False,False,False,False,False,False,False,False,False,False,False,False,True,False,False,False,True,False,False,False,all_tickers,ticker_universe_all,simple_universe_generator,2025-09-29T08:27:42.448744,True
AAPL,2025-09-05,daily,239.69,421,233.8977,1.0503,229.5542,0.8967,232.708,0.717,3.0003,231.153,1.3905,3.6932,218.2656,0.72,9.8157,220.9197,0.055,8.4965,221.9215,0.0482,8.0067,216.8265,0.1877,10.5446,64.1906,0.7861,5.6349,5.1295,0.5054,4.4444,1.8542,218.2656,4.8206,5.2938,0.26,-0.1292,3.2523,5.238,0.5116,3.2523,3.9915,3.8113,12.5262,14.2948,18.0509,1.2544,9.0358,2.4105,20.7174,12.2788,9.0358,50417710.0,0.2789,1188588400,-4146960.0,258.1037,163.8236,False,False,-7.1342,46.3098,80.4691,0.0584,5.84,0.1095,0.4664,0.424,0.4664,Weak Body,False,2.83,0.31,0.8905,0.1095,0.1017,10.17,3403049714052.0,USD,Electronic technology,Telecommunications equipment,NASDAQ,Buy,2025-10-23,2025-07-31,"S&P 500, NASDAQ 100, Dow Jones Industrial Average, NASDAQ Composite, S&P 500 Information Technology, S&P 100, Nasdaq US Large Cap Growth, Russell 3000, Dow Jones Composite Average, NASDAQ-100 Technology Sector, Russell 1000, NASDAQ Computer, S&P 500 ESG, NASDAQ CB Insights Metaverse US Index",True,True,False,True,True,False,False,True,False,False,False,True,True,True,False,False,True,True,False,False,True,False,False,False,False,True,False,False,False,True,True,False,False,False,False,False,False,False,False,False,False,False,False,False,False,False,False,False,False,False,False,True,False,False,False,True,False,False,False,all_tickers,ticker_universe_all,simple_universe_generator,2025-09-29T08:27:42.448744,True,daily,2025-09-05,239.69,2A,Bullish Trend,green_light,1.8042,Bullish,2.4764,3.6932,9.8157,233.8977,1.0503,229.5542,0.8967,232.708,0.717,3.0003,231.153,1.3905,3.6932,218.2656,0.72,9.8157,220.9197,0.055,8.4965,221.9215,0.0482,8.0067,216.8265,0.1877,10.5446,64.1906,0.7861,5.6349,5.1295,0.5054,3403049714052.0,USD,Electronic technology,Telecommunications equipment,NASDAQ,Buy,2025-10-23,2025-07-31,"S&P 500, NASDAQ 100, Dow Jones Industrial Average, NASDAQ Composite, S&P 500 Information Technology, S&P 100, Nasdaq US Large Cap Growth, Russell 3000, Dow Jones Composite Average, NASDAQ-100 Technology Sector, Russell 1000, NASDAQ Computer, S&P 500 ESG, NASDAQ CB Insights Metaverse US Index",True,True,False,True,True,False,False,True,False,False,False,True,True,True,False,False,True,True,False,False,True,False,False,False,False,True,False,False,False,True,True,False,False,False,False,False,False,False,False,False,False,False,False,False,False,False,False,False,False,False,False,True,False,False,False,True,False,False,False,all_tickers,ticker_universe_all,simple_universe_generator,2025-09-29T08:27:42.448744,True
AMZN,2025-09-05,daily,232.33,421,229.5166,0.2952,228.0044,0.2612,229.455,0.241,1.253,227.592,0.6275,2.0818,225.515,0.3716,3.022,213.208,0.0988,8.9687,208.674,0.2162,11.3363,201.166,0.1236,15.4917,51.5701,0.8698,1.9117,1.5502,0.3615,4.9285,2.1213,225.515,1.3828,1.4246,0.28,-1.216,1.4541,1.5251,2.8054,1.4541,1.401,0.3629,4.5072,3.9647,12.9405,11.3011,34.0391,2.4389,8.9728,18.6932,34.0391,34728270.0,0.3507,941483500,7625835.0,242.06,144.57,False,False,-4.0197,60.7041,90.0195,0.5629,56.29,0.7027,0.199,0.0983,0.199,Strong Body,False,4.07,2.86,0.2973,0.7027,0.4777,47.77,2439172120138.0,USD,Retail trade,Internet retail,NASDAQ,Strong buy,2025-10-23,2025-07-31,"S&P 500, NASDAQ 100, Dow Jones Industrial Average, NASDAQ Composite, S&P 500 Consumer Discretionary, S&P 100, ISE CTA Cloud Computing, Nasdaq US Large Cap Growth, Russell 3000, Russell 1000, NASDAQ Industrials, NASDAQ CB Insights Metaverse US Index",True,True,True,True,True,True,False,True,False,False,False,False,True,True,False,False,False,True,False,False,False,False,False,False,False,False,False,False,False,False,True,False,False,False,False,False,False,False,False,False,True,False,False,False,False,False,False,False,False,False,False,True,False,False,False,False,False,True,False,all_tickers,ticker_universe_all,simple_universe_generator,2025-09-29T08:27:42.448744,True,daily,2025-09-05,232.33,2A,Bullish Trend,green_light,2.0958,Bullish,1.2258,2.0818,3.022,229.5166,0.2952,228.0044,0.2612,229.455,0.241,1.253,227.592,0.6275,2.0818,225.515,0.3716,3.022,213.208,0.0988,8.9687,208.674,0.2162,11.3363,201.166,0.1236,15.4917,51.5701,0.8698,1.9117,1.5502,0.3615,2439172120138.0,USD,Retail trade,Internet retail,NASDAQ,Strong buy,2025-10-23,2025-07-31,"S&P 500, NASDAQ 100, Dow Jones Industrial Average, NASDAQ Composite, S&P 500 Consumer Discretionary, S&P 100, ISE CTA Cloud Computing, Nasdaq US Large Cap Growth, Russell 3000, Russell 1000, NASDAQ Industrials, NASDAQ CB Insights Metaverse US Index",True,True,True,True,True,True,False,True,False,False,False,False,True,True,False,False,False,True,False,False,False,False,False,False,False,False,False,False,False,False,True,False,False,False,False,False,False,False,False,False,True,False,False,False,False,False,False,False,False,False,False,True,False,False,False,False,False,True,False,all_tickers,ticker_universe_all,simple_universe_generator,2025-09-29T08:27:42.448744,True
ROST,2025-09-05,daily,150.95,421,149.7389,0.4026,147.6412,0.4042,149.527,0.401,0.9517,148.2745,0.4043,1.8044,139.8814,0.4548,7.9128,140.9356,0.05,7.1057,141.7742,0.0017,6.4721,141.2714,0.0387,6.851,59.4087,0.8673,2.8992,2.9208,-0.0217,3.0573,2.0254,139.8814,3.6204,3.9069,0.37,-1.1913,2.5754,2.5127,0.146,2.5754,0.4392,3.3479,3.0024,15.4317,5.104,10.0356,0.555,2.1061,10.6753,20.9744,0.555,3402875.0,-0.2681,-53732500,19180.0,155.2934,122.5521,False,False,-2.7969,23.1721,86.7342,0.4798,47.98,0.6149,0.2196,0.1655,0.2196,Moderate Body,False,2.96,1.82,0.3851,0.6149,0.5224,52.24,48514371739.0,USD,Retail trade,Apparel/Footwear retail,NASDAQ,Buy,2025-11-13,2025-08-21,"S&P 500, NASDAQ 100, NASDAQ Composite, S&P 500 Consumer Discretionary, Russell 3000, Russell 1000, NASDAQ Industrials",True,True,True,True,True,True,False,False,False,False,False,False,True,False,False,False,False,False,False,False,False,False,False,False,False,False,False,False,False,False,False,False,False,False,False,False,False,False,False,False,False,False,False,False,False,False,False,False,False,False,False,True,False,False,False,True,False,False,False,all_tickers,ticker_universe_all,simple_universe_generator,2025-09-29T08:27:42.448744,True,daily,2025-09-05,150.95,2A,Bullish Trend,green_light,2.2963,Bullish,0.8088,1.8044,7.9128,149.7389,0.4026,147.6412,0.4042,149.527,0.401,0.9517,148.2745,0.4043,1.8044,139.8814,0.4548,7.9128,140.9356,0.05,7.1057,141.7742,0.0017,6.4721,141.2714,0.0387,6.851,59.4087,0.8673,2.8992,2.9208,-0.0217,48514371739.0,USD,Retail trade,Apparel/Footwear retail,NASDAQ,Buy,2025-11-13,2025-08-21,"S&P 500, NASDAQ 100, NASDAQ Composite, S&P 500 Consumer Discretionary, Russell 3000, Russell 1000, NASDAQ Industrials",True,True,True,True,True,True,False,False,False,False,False,False,True,False,False,False,False,False,False,False,False,False,False,False,False,False,False,False,False,False,False,False,False,False,False,False,False,False,False,False,False,False,False,False,False,False,False,False,False,False,False,True,False,False,False,True,False,False,False,all_tickers,ticker_universe_all,simple_universe_generator,2025-09-29T08:27:42.448744,True
MU,2025-09-05,daily,131.37,421,121.8567,0.6163,120.0057,0.387,120.214,0.2464,9.2801,121.0765,0.6943,8.5016,118.0301,-0.0411,11.3021,100.4163,0.0899,30.8254,100.4785,0.1239,30.7444,105.3532,-0.0015,24.6948,64.7555,1.0,2.074,1.2789,0.7951,4.4552,3.3913,118.0301,2.9943,3.3327,0.74,2.8176,10.3857,11.6332,10.6553,10.3857,11.5669,6.3294,20.7667,9.548,28.6001,43.3945,47.8154,-1.3114,13.3273,27.6936,47.8154,18237705.0,0.2928,417605600,4084985.0,152.6022,64.6591,False,False,-13.9135,103.1731,75.8568,0.3963,39.63,0.6261,0.007,0.367,0.367,Moderate Body,True,5.75,3.6,0.3739,0.6261,0.5318,53.18,130378076721.0,USD,Electronic technology,Semiconductors,NASDAQ,Buy,2025-09-25,2025-06-25,"S&P 500, NASDAQ 100, NASDAQ Composite, PHLX Semiconductor Sector, S&P 500 Information Technology, Russell 3000, NASDAQ-100 Technology Sector, Russell 1000, NASDAQ Computer, S&P 500 ESG",True,True,False,True,True,False,False,False,False,False,False,True,True,False,False,False,True,False,False,False,False,False,False,False,True,True,False,False,False,True,False,False,False,False,False,False,False,False,False,False,False,False,False,False,False,False,False,False,False,False,False,True,False,False,False,True,False,False,False,all_tickers,ticker_universe_all,simple_universe_generator,2025-09-29T08:27:42.448744,True,daily,2025-09-05,131.37,2A,Bullish Trend,green_light,3.5046,Bullish,7.8069,8.5016,11.3021,121.8567,0.6163,120.0057,0.387,120.214,0.2464,9.2801,121.0765,0.6943,8.5016,118.0301,-0.0411,11.3021,100.4163,0.0899,30.8254,100.4785,0.1239,30.7444,105.3532,-0.0015,24.6948,64.7555,1.0,2.074,1.2789,0.7951,130378076721.0,USD,Electronic technology,Semiconductors,NASDAQ,Buy,2025-09-25,2025-06-25,"S&P 500, NASDAQ 100, NASDAQ Composite, PHLX Semiconductor Sector, S&P 500 Information Technology, Russell 3000, NASDAQ-100 Technology Sector, Russell 1000, NASDAQ Computer, S&P 500 ESG",True,True,False,True,True,False,False,False,False,False,False,True,True,False,False,False,True,False,False,False,False,False,False,False,True,True,False,False,False,True,False,False,False,False,False,False,False,False,False,False,False,False,False,False,False,False,False,False,False,False,False,True,False,False,False,True,False,False,False,all_tickers,ticker_universe_all,simple_universe_generator,2025-09-29T08:27:42.448744,True
PEP,2025-09-05,daily,146.39,421,147.3454,-0.1185,146.8219,0.0427,147.5991,-0.3058,-0.8192,148.1366,0.3352,-1.179,142.4096,0.3609,2.795,142.8167,-0.0642,2.502,147.5401,-0.0903,-0.7795,152.6843,-0.0417,-4.1224,38.4534,0.4187,1.2475,1.9574,-0.7099,2.8395,1.9397,142.4096,1.4018,1.441,0.67,0.2671,-1.5203,-2.1719,-0.5503,-1.5203,-0.8467,-2.113,3.9702,8.8806,12.2459,-1.7861,-15.0108,0.2192,12.6944,-2.2094,-15.0108,8396545.0,0.2348,-59836100,-413160.0,175.292,127.0559,False,False,-16.4879,15.217,40.0823,0.1085,10.85,0.15,0.5731,0.2769,0.2769,Weak Body,True,2.6,0.39,0.85,0.15,0.5068,50.68,201254358765.0,USD,Consumer non-durables,Food: specialty/candy,NASDAQ,Neutral,2025-10-09,2025-07-17,"S&P 500, NASDAQ 100, NASDAQ Composite, S&P 500 Consumer Staples, S&P 100, Russell 3000, Russell 1000, NASDAQ Industrials, S&P 500 ESG",True,True,False,True,True,True,False,False,False,False,False,True,True,True,False,False,False,False,False,False,False,False,False,False,False,False,False,False,False,False,False,False,False,False,False,False,True,False,False,False,False,False,False,False,False,False,False,False,False,False,False,True,False,False,True,False,False,False,False,all_tickers,ticker_universe_all,simple_universe_generator,2025-09-29T08:27:42.448744,True,daily,2025-09-05,146.39,3A,Bullish Fade,orange_light,2.0725,Mixed,-0.6484,-1.179,2.795,147.3454,-0.1185,146.8219,0.0427,147.5991,-0.3058,-0.8192,148.1366,0.3352,-1.179,142.4096,0.3609,2.795,142.8167,-0.0642,2.502,147.5401,-0.0903,-0.7795,152.6843,-0.0417,-4.1224,38.4534,0.4187,1.2475,1.9574,-0.7099,201254358765.0,USD,Consumer non-durables,Food: specialty/candy,NASDAQ,Neutral,2025-10-09,2025-07-17,"S&P 500, NASDAQ 100, NASDAQ Composite, S&P 500 Consumer Staples, S&P 100, Russell 3000, Russell 1000, NASDAQ Industrials, S&P 500 ESG",True,True,False,True,True,True,False,False,False,False,False,True,True,True,False,False,False,False,False,False,False,False,False,False,False,False,False,False,False,False,False,False,False,False,False,False,True,False,False,False,False,False,False,False,False,False,False,False,False,False,False,True,False,False,True,False,False,False,False,all_tickers,ticker_universe_all,simple_universe_generator,2025-09-29T08:27:42.448744,True
ADSK,2025-09-05,daily,326.37,421,308.3746,4.196,301.7008,2.3797,303.013,3.1472,7.7082,294.9765,1.0078,10.6427,298.8632,0.391,9.2038,290.3798,0.0487,12.3942,288.3728,0.2525,13.1764,272.5485,0.221,19.7475,80.1766,1.0,6.0324,1.3715,4.6608,8.0871,2.4779,298.8632,3.4013,3.7144,0.81,1.1561,3.7083,12.4522,2.7905,3.7083,14.1353,12.6774,6.9434,3.5077,8.9643,15.5906,27.5929,11.7963,9.9741,25.2283,27.5929,1865575.0,0.2895,28243900,344180.0,326.37,199.93,True,False,0.0,63.2421,100.0,0.387,38.7,0.5856,0.0754,0.3391,0.3391,Moderate Body,True,6.37,3.73,0.4144,0.5856,0.307,30.7,60428636325.0,USD,Technology services,Packaged software,NASDAQ,Buy,2025-08-28,2025-05-22,"S&P 500, NASDAQ 100, NASDAQ Composite, S&P 500 Information Technology, Nasdaq US Large Cap Growth, Russell 3000, NASDAQ-100 Technology Sector, Russell 1000, NASDAQ Computer, S&P 500 ESG, NASDAQ CB Insights Metaverse US Index",True,True,False,True,True,False,False,True,False,False,False,True,True,False,False,False,True,False,False,False,False,False,False,False,False,True,False,False,False,True,True,False,False,False,False,False,False,False,False,False,False,False,False,False,False,False,False,False,False,False,False,True,False,False,False,True,False,False,False,all_tickers,ticker_universe_all,simple_universe_generator,2025-09-29T08:27:42.448744,True,daily,2025-09-05,326.37,2A,Bullish Trend,green_light,2.7495,Mixed,5.8356,10.6427,9.2038,308.3746,4.196,301.7008,2.3797,303.013,3.1472,7.7082,294.9765,1.0078,10.6427,298.8632,0.391,9.2038,290.3798,0.0487,12.3942,288.3728,0.2525,13.1764,272.5485,0.221,19.7475,80.1766,1.0,6.0324,1.3715,4.6608,60428636325.0,USD,Technology services,Packaged software,NASDAQ,Buy,2025-08-28,2025-05-22,"S&P 500, NASDAQ 100, NASDAQ Composite, S&P 500 Information Technology, Nasdaq US Large Cap Growth, Russell 3000, NASDAQ-100 Technology Sector, Russell 1000, NASDAQ Computer, S&P 500 ESG, NASDAQ CB Insights Metaverse US Index",True,True,False,True,True,False,False,True,False,False,False,True,True,False,False,False,True,False,False,False,False,False,False,False,False,True,False,False,False,True,True,False,False,False,False,False,False,False,False,False,False,False,False,False,False,False,False,False,False,False,False,True,False,False,False,True,False,False,False,all_tickers,ticker_universe_all,simple_universe_generator,2025-09-29T08:27:42.448744,True
LRCX,2025-09-05,daily,102.95,421,100.7753,-0.2459,100.6008,-0.0975,101.104,0.0402,1.8258,101.5235,0.1174,1.4051,99.7738,0.1292,3.1834,82.9631,0.1228,24.0913,81.7225,0.0899,25.975,84.6665,0.0117,21.5947,57.5905,0.9085,0.4781,0.7082,-0.2301,3.172,3.0811,99.7738,1.0013,1.0332,0.75,1.2291,2.7958,2.8677,5.3305,2.7958,-0.6945,4.1161,7.3066,4.9012,23.3638,35.9034,36.2453,-4.752,13.4757,31.7918,36.2453,11190650.0,0.3221,124872700,1738355.0,111.4297,58.9433,False,False,-7.6099,74.6593,83.844,0.3016,30.16,0.5365,0.0258,0.4378,0.4378,Moderate Body,True,2.33,1.25,0.4635,0.5365,0.3512,35.12,131156297819.0,USD,Producer manufacturing,Industrial machinery,NASDAQ,Buy,2025-10-15,2025-07-30,"S&P 500, NASDAQ 100, NASDAQ Composite, PHLX Semiconductor Sector, S&P 500 Information Technology, Russell 3000, NASDAQ-100 Technology Sector, Russell 1000, NASDAQ Computer, S&P 500 ESG",True,True,False,True,True,False,False,False,False,False,False,True,True,False,False,False,True,False,False,False,False,False,False,False,True,True,False,False,False,True,False,False,False,False,False,False,False,False,False,False,False,False,False,False,False,False,False,False,False,False,False,True,False,False,False,True,False,False,False,all_tickers,ticker_universe_all,simple_universe_generator,2025-09-29T08:27:42.448744,True,daily,2025-09-05,102.95,2A,Bullish Trend,green_light,2.9889,Mixed,2.1579,1.4051,3.1834,100.7753,-0.2459,100.6008,-0.0975,101.104,0.0402,1.8258,101.5235,0.1174,1.4051,99.7738,0.1292,3.1834,82.9631,0.1228,24.0913,81.7225,0.0899,25.975,84.6665,0.0117,21.5947,57.5905,0.9085,0.4781,0.7082,-0.2301,131156297819.0,USD,Producer manufacturing,Industrial machinery,NASDAQ,Buy,2025-10-15,2025-07-30,"S&P 500, NASDAQ 100, NASDAQ Composite, PHLX Semiconductor Sector, S&P 500 Information Technology, Russell 3000, NASDAQ-100 Technology Sector, Russell 1000, NASDAQ Computer, S&P 500 ESG",True,True,False,True,True,False,False,False,False,False,False,True,True,False,False,False,True,False,False,False,False,False,False,False,True,True,False,False,False,True,False,False,False,False,False,False,False,False,False,False,False,False,False,False,False,False,False,False,False,False,False,True,False,False,False,True,False,False,False,all_tickers,ticker_universe_all,simple_universe_generator,2025-09-29T08:27:42.448744,True
EA,2025-09-05,daily,168.62,421,170.0496,-0.2905,169.0499,0.0438,170.77,-0.1896,-1.259,172.208,0.4432,-2.0835,161.5414,0.3047,4.3819,148.8679,0.044,13.2682,148.3454,0.0876,13.6672,145.2958,0.1172,16.0529,33.2965,0.8346,2.2051,3.4022,-1.1971,3.459,2.0513,161.5414,2.0464,2.1361,0.49,-0.1303,-1.9366,-1.6219,0.4528,-1.9366,-2.3059,-0.3192,3.4478,9.8287,15.3036,29.4177,15.0919,-3.5447,14.1793,18.1514,15.0919,2949820.0,0.1697,104539000,813135.0,179.01,116.2114,False,False,-5.8041,45.0976,83.455,0.0702,7.02,0.0866,0.189,0.7244,0.189,Doji,False,2.54,0.22,0.9134,0.0866,0.2645,26.45,43093200600.0,USD,Technology services,Packaged software,NASDAQ,Buy,2025-10-28,2025-07-29,"S&P 500, NASDAQ 100, NASDAQ Composite, S&P 500 Communication Services, Russell 3000, Russell 1000, NASDAQ Industrials, S&P 500 ESG, NASDAQ CB Insights Metaverse US Index",True,True,False,True,True,True,False,False,False,False,False,True,True,False,False,False,False,False,False,False,False,False,False,False,False,False,True,False,False,False,True,False,False,False,False,False,False,False,False,False,False,False,False,False,False,False,False,False,False,False,False,True,False,False,False,True,False,False,False,all_tickers,ticker_universe_all,simple_universe_generator,2025-09-29T08:27:42.448744,True,daily,2025-09-05,168.62,3A,Bullish Fade,orange_light,1.937,Mixed,-0.8407,-2.0835,4.3819,170.0496,-0.2905,169.0499,0.0438,170.77,-0.1896,-1.259,172.208,0.4432,-2.0835,161.5414,0.3047,4.3819,148.8679,0.044,13.2682,148.3454,0.0876,13.6672,145.2958,0.1172,16.0529,33.2965,0.8346,2.2051,3.4022,-1.1971,43093200600.0,USD,Technology services,Packaged software,NASDAQ,Buy,2025-10-28,2025-07-29,"S&P 500, NASDAQ 100, NASDAQ Composite, S&P 500 Communication Services, Russell 3000, Russell 1000, NASDAQ Industrials, S&P 500 ESG, NASDAQ CB Insights Metaverse US Index",True,True,False,True,True,True,False,False,False,False,False,True,True,False,False,False,False,False,False,False,False,False,False,False,False,False,True,False,False,False,True,False,False,False,False,False,False,False,False,False,False,False,False,False,False,False,False,False,False,False,False,True,False,False,False,True,False,False,False,all_tickers,ticker_universe_all,simple_universe_generator,2025-09-29T08:27:42.448744,True
CDNS,2025-09-05,daily,351.01,421,348.6899,-0.051,347.8174,0.069,348.092,-0.1026,0.8383,348.9875,-0.5594,0.5795,337.8394,1.0431,3.8985,300.8974,0.2315,16.6544,295.448,0.3561,18.806,293.0058,0.1131,19.7963,50.9931,0.8564,2.3511,3.3874,-1.0362,7.8653,2.2408,337.8394,1.6745,1.7398,0.27,-0.5722,0.1655,0.3947,1.0624,0.1655,1.1906,-1.4709,-2.5405,9.5879,19.6639,41.2174,38.1222,-0.6789,14.2611,37.5916,38.1222,1307740.0,-0.0693,11620300,-51440.0,371.03,231.64,False,False,-5.3958,51.5326,85.6374,0.1624,16.24,0.2142,0.2418,0.544,0.2418,Weak Body,False,9.43,2.02,0.7858,0.2142,0.3361,33.61,93744731008.0,USD,Technology services,Packaged software,NASDAQ,Buy,2025-10-27,2025-07-28,"S&P 500, NASDAQ 100, NASDAQ Composite, S&P 500 Information Technology, Nasdaq US Large Cap Growth, Russell 3000, NASDAQ-100 Technology Sector, Russell 1000, NASDAQ Computer, S&P 500 ESG",True,True,False,True,True,False,False,True,False,False,False,True,True,False,False,False,True,False,False,False,False,False,False,False,False,True,False,False,False,True,False,False,False,False,False,False,False,False,False,False,False,False,False,False,False,False,False,False,False,False,False,True,False,False,False,True,False,False,False,all_tickers,ticker_universe_all,simple_universe_generator,2025-09-29T08:27:42.448744,True,daily,2025-09-05,351.01,2A,Bullish Trend,green_light,2.1396,Mixed,0.6654,0.5795,3.8985,348.6899,-0.051,347.8174,0.069,348.092,-0.1026,0.8383,348.9875,-0.5594,0.5795,337.8394,1.0431,3.8985,300.8974,0.2315,16.6544,295.448,0.3561,18.806,293.0058,0.1131,19.7963,50.9931,0.8564,2.3511,3.3874,-1.0362,93744731008.0,USD,Technology services,Packaged software,NASDAQ,Buy,2025-10-27,2025-07-28,"S&P 500, NASDAQ 100, NASDAQ Composite, S&P 500 Information Technology, Nasdaq US Large Cap Growth, Russell 3000, NASDAQ-100 Technology Sector, Russell 1000, NASDAQ Computer, S&P 500 ESG",True,True,False,True,True,False,False,True,False,False,False,True,True,False,False,False,True,False,False,False,False,False,False,False,False,True,False,False,False,True,False,False,False,False,False,False,False,False,False,False,False,False,False,False,False,False,False,False,False,False,False,True,False,False,False,True,False,False,False,all_tickers,ticker_universe_all,simple_universe_generator,2025-09-29T08:27:42.448744,True
ORLY,2025-09-05,daily,104.84,421,103.822,0.1603,102.7629,0.1869,103.659,0.1546,1.1393,103.1205,0.0996,1.6675,98.135,0.2972,6.8324,90.2776,0.1108,16.1307,87.8081,0.1135,19.3968,82.8303,0.0896,26.572,68.1318,0.9936,1.6175,1.7701,-0.1526,1.5233,1.453,98.135,4.4016,4.7023,0.02,-0.4558,1.1188,2.4729,0.963,1.1188,0.7592,3.4027,0.383,13.1326,14.6151,16.1911,38.2226,1.4874,16.4759,16.6626,38.2226,4033015.0,-0.0006,279245700,134760.0,105.04,61.6933,False,False,-0.1904,69.9373,99.5386,0.2791,27.91,0.2791,0.0,0.7209,0.0,Weak Body,False,1.72,0.48,0.7209,0.2791,0.4176,41.76,87547890188.0,USD,Retail trade,Specialty stores,NASDAQ,Buy,2025-10-22,2025-07-23,"S&P 500, NASDAQ 100, NASDAQ Composite, S&P 500 Consumer Discretionary, Nasdaq US Large Cap Growth, Russell 3000, Russell 1000, NASDAQ Industrials, S&P 500 ESG",True,True,True,True,True,True,False,True,False,False,False,True,True,False,False,False,False,False,False,False,False,False,False,False,False,False,False,False,False,False,False,False,False,False,False,False,False,False,False,False,False,False,False,False,False,False,False,False,False,False,False,True,False,False,False,True,False,False,False,all_tickers,ticker_universe_all,simple_universe_generator,2025-09-29T08:27:42.448744,True,daily,2025-09-05,104.84,2A,Bullish Trend,green_light,1.4237,Bullish,0.9805,1.6675,6.8324,103.822,0.1603,102.7629,0.1869,103.659,0.1546,1.1393,103.1205,0.0996,1.6675,98.135,0.2972,6.8324,90.2776,0.1108,16.1307,87.8081,0.1135,19.3968,82.8303,0.0896,26.572,68.1318,0.9936,1.6175,1.7701,-0.1526,87547890188.0,USD,Retail trade,Specialty stores,NASDAQ,Buy,2025-10-22,2025-07-23,"S&P 500, NASDAQ 100, NASDAQ Composite, S&P 500 Consumer Discretionary, Nasdaq US Large Cap Growth, Russell 3000, Russell 1000, NASDAQ Industrials, S&P 500 ESG",True,True,True,True,True,True,False,True,False,False,False,True,True,False,False,False,False,False,False,False,False,False,False,False,False,False,False,False,False,False,False,False,False,False,False,False,False,False,False,False,False,False,False,False,False,False,False,False,False,False,False,True,False,False,False,True,False,False,False,all_tickers,ticker_universe_all,simple_universe_generator,2025-09-29T08:27:42.448744,True
WDAY,2025-09-05,daily,231.08,421,229.3193,0.6379,228.4436,0.3479,228.11,0.251,1.302,225.9625,0.3297,2.2648,230.5468,-0.1158,0.2313,247.3847,-0.1837,-6.5908,247.2362,-0.1159,-6.5347,243.3487,-0.1048,-5.0416,56.5093,0.2968,0.2595,-0.8993,1.1589,6.3149,2.7328,230.5468,0.0844,0.0846,0.5,-0.824,0.1126,4.4335,-1.0067,0.1126,0.5964,-0.3321,0.8731,-4.1997,-7.9802,-11.3175,-10.6419,5.4777,-8.0681,-7.7967,-10.6419,4031625.0,-0.3294,35119300,-192625.0,307.21,207.08,False,False,-24.7811,11.5897,23.9688,0.1024,10.24,0.256,0.6,0.144,0.6,Weak Body,False,7.5,1.92,0.744,0.256,0.4447,44.47,59508961304.0,USD,Technology services,Information technology services,NASDAQ,Buy,2025-12-02,2025-08-21,"S&P 500, NASDAQ 100, NASDAQ Composite, S&P 500 Information Technology, ISE CTA Cloud Computing, Nasdaq US Large Cap Growth, Russell 3000, NASDAQ-100 Technology Sector, Russell 1000, NASDAQ Computer",True,True,False,True,True,False,False,True,False,False,False,False,True,False,False,False,True,False,False,False,False,False,False,False,False,True,False,False,False,True,False,False,False,False,False,False,False,False,False,False,True,False,False,False,False,False,False,False,False,False,False,True,False,False,False,True,False,False,False,all_tickers,ticker_universe_all,simple_universe_generator,2025-09-29T08:27:42.448744,True,daily,2025-09-05,231.08,2A,Bullish Trend,green_light,2.7463,Mixed,0.7678,2.2648,0.2313,229.3193,0.6379,228.4436,0.3479,228.11,0.251,1.302,225.9625,0.3297,2.2648,230.5468,-0.1158,0.2313,247.3847,-0.1837,-6.5908,247.2362,-0.1159,-6.5347,243.3487,-0.1048,-5.0416,56.5093,0.2968,0.2595,-0.8993,1.1589,59508961304.0,USD,Technology services,Information technology services,NASDAQ,Buy,2025-12-02,2025-08-21,"S&P 500, NASDAQ 100, NASDAQ Composite, S&P 500 Information Technology, ISE CTA Cloud Computing, Nasdaq US Large Cap Growth, Russell 3000, NASDAQ-100 Technology Sector, Russell 1000, NASDAQ Computer",True,True,False,True,True,False,False,True,False,False,False,False,True,False,False,False,True,False,False,False,False,False,False,False,False,True,False,False,False,True,False,False,False,False,False,False,False,False,False,False,True,False,False,False,False,False,False,False,False,False,False,True,False,False,False,True,False,False,False,all_tickers,ticker_universe_all,simple_universe_generator,2025-09-29T08:27:42.448744,True
SHOP,2025-09-05,daily,146.82,421,142.2897,0.3226,140.2207,0.3423,141.743,0.2942,3.5818,142.8,0.3573,2.8151,130.2584,0.6474,12.7144,111.7812,0.2023,31.3459,105.6557,0.2829,38.9608,94.2546,0.1998,55.7695,59.4556,0.9081,3.391,3.8629,-0.4719,4.9286,3.3569,130.2584,3.3603,3.7876,0.47,0.1569,3.9213,3.3143,4.7069,3.9213,4.9539,2.5924,-5.2163,25.8529,39.6822,32.4732,109.0857,-3.815,28.6428,52.0033,109.0857,6333400.0,-0.1057,281978100,-609740.0,154.9,52.26,False,False,-5.2163,180.9415,92.1278,0.0341,3.41,0.0754,0.377,0.5475,0.5475,Doji,True,3.05,0.23,0.9246,0.0754,0.1752,17.52,183057700914.004,USD,Commercial services,Miscellaneous commercial services,NASDAQ,Buy,2025-10-30,2025-08-06,"NASDAQ 100, NASDAQ Composite, ISE CTA Cloud Computing, NASDAQ-100 Technology Sector, NASDAQ Computer",True,False,False,False,False,False,False,False,False,False,False,False,True,False,False,False,True,False,False,False,False,False,False,False,False,False,False,False,False,True,False,False,False,False,False,False,False,False,False,False,True,False,False,False,False,False,False,False,False,False,False,True,False,False,False,True,False,False,False,all_tickers,ticker_universe_all,simple_universe_generator,2025-09-29T08:27:42.448744,True,daily,2025-09-05,146.82,2A,Bullish Trend,green_light,3.3764,Mixed,3.1838,2.8151,12.7144,142.2897,0.3226,140.2207,0.3423,141.743,0.2942,3.5818,142.8,0.3573,2.8151,130.2584,0.6474,12.7144,111.7812,0.2023,31.3459,105.6557,0.2829,38.9608,94.2546,0.1998,55.7695,59.4556,0.9081,3.391,3.8629,-0.4719,183057700914.004,USD,Commercial services,Miscellaneous commercial services,NASDAQ,Buy,2025-10-30,2025-08-06,"NASDAQ 100, NASDAQ Composite, ISE CTA Cloud Computing, NASDAQ-100 Technology Sector, NASDAQ Computer",True,False,False,False,False,False,False,False,False,False,False,False,True,False,False,False,True,False,False,False,False,False,False,False,False,False,False,False,False,True,False,False,False,False,False,False,False,False,False,False,True,False,False,False,False,False,False,False,False,False,False,True,False,False,False,True,False,False,False,all_tickers,ticker_universe_all,simple_universe_generator,2025-09-29T08:27:42.448744,True
DASH,2025-09-05,daily,246.85,421,247.4029,-0.1234,247.9462,-0.1343,246.818,-0.098,0.013,249.4065,-0.5691,-1.025,246.5347,0.3744,0.1279,203.5792,0.3614,21.255,192.4809,0.4814,28.2465,170.8648,0.3103,44.471,48.5131,0.8363,0.0461,0.6836,-0.6375,7.2927,2.9543,246.5347,0.0432,0.0433,0.49,-1.1473,0.6524,-0.19,-0.7957,0.6524,0.4885,-2.5618,-4.3514,-0.0162,15.5124,26.0468,96.8187,-3.7019,13.3379,30.0169,96.8187,3217135.0,0.0096,89239800,-654220.0,270.99,93.77,False,False,-8.9081,163.2505,86.3785,0.2802,28.02,0.3608,0.2236,0.4156,0.2236,Weak Body,False,7.94,2.865,0.6392,0.3608,0.2477,24.77,106281796791.0,USD,Transportation,Air freight/Couriers,NASDAQ,Buy,2025-10-29,2025-08-06,"S&P 500, NASDAQ 100, NASDAQ Composite, S&P 500 Consumer Discretionary, Nasdaq US Large Cap Growth, Russell 3000, NASDAQ-100 Technology Sector, Russell 1000, NASDAQ Computer",True,True,True,True,True,False,False,True,False,False,False,False,True,False,False,False,True,False,False,False,False,False,False,False,False,False,False,False,False,True,False,False,False,False,False,False,False,False,False,False,False,False,False,False,False,False,False,False,False,False,False,True,False,False,False,True,False,False,False,all_tickers,ticker_universe_all,simple_universe_generator,2025-09-29T08:27:42.448744,True,daily,2025-09-05,246.85,3A,Bullish Fade,orange_light,2.6721,Mixed,-0.2235,-1.025,0.1279,247.4029,-0.1234,247.9462,-0.1343,246.818,-0.098,0.013,249.4065,-0.5691,-1.025,246.5347,0.3744,0.1279,203.5792,0.3614,21.255,192.4809,0.4814,28.2465,170.8648,0.3103,44.471,48.5131,0.8363,0.0461,0.6836,-0.6375,106281796791.0,USD,Transportation,Air freight/Couriers,NASDAQ,Buy,2025-10-29,2025-08-06,"S&P 500, NASDAQ 100, NASDAQ Composite, S&P 500 Consumer Discretionary, Nasdaq US Large Cap Growth, Russell 3000, NASDAQ-100 Technology Sector, Russell 1000, NASDAQ Computer",True,True,True,True,True,False,False,True,False,False,False,False,True,False,False,False,True,False,False,False,False,False,False,False,False,False,False,False,False,True,False,False,False,False,False,False,False,False,False,False,False,False,False,False,False,False,False,False,False,False,False,True,False,False,False,True,False,False,False,all_tickers,ticker_universe_all,simple_universe_generator,2025-09-29T08:27:42.448744,True
TSLA,2025-09-05,daily,350.84,421,339.4854,-0.1092,335.7021,0.3284,342.055,0.953,2.5683,337.2035,1.239,4.044,324.0736,0.1031,8.2594,330.2063,0.0456,6.2487,314.1842,0.4849,11.667,281.1289,0.4682,24.7969,60.6737,0.5206,4.9829,4.8238,0.1592,12.4413,3.5461,324.0736,2.1514,2.3291,0.08,0.8161,5.0828,3.1852,5.0136,5.0828,0.3547,4.6784,9.6683,19.3577,1.9084,24.4334,59.9015,0.1312,7.4779,47.4056,59.9015,77383175.0,0.0196,1840007200,2985670.0,479.86,142.05,False,False,-26.887,146.9834,61.8069,0.1785,17.85,0.2538,0.4495,0.2967,0.2967,Weak Body,True,11.19,2.84,0.7462,0.2538,0.2282,22.82,1134293684211.0,USD,Consumer durables,Motor vehicles,NASDAQ,Neutral,2025-10-15,2025-07-23,"S&P 500, NASDAQ 100, NASDAQ Composite, S&P 500 Consumer Discretionary, S&P 100, Nasdaq US Large Cap Growth, Russell 3000, Russell 1000, NASDAQ Industrials, NASDAQ Clean Edge Green Energy",True,True,True,True,True,True,False,True,False,False,False,False,True,True,False,False,False,False,False,False,False,False,False,False,False,False,False,False,False,False,False,False,False,False,False,False,False,False,False,False,False,False,True,False,False,False,False,False,False,False,False,True,False,False,True,False,False,False,False,all_tickers,ticker_universe_all,simple_universe_generator,2025-09-29T08:27:42.448744,True,daily,2025-09-05,350.84,2A,Bullish Trend,green_light,3.7474,Bullish,3.3446,4.044,8.2594,339.4854,-0.1092,335.7021,0.3284,342.055,0.953,2.5683,337.2035,1.239,4.044,324.0736,0.1031,8.2594,330.2063,0.0456,6.2487,314.1842,0.4849,11.667,281.1289,0.4682,24.7969,60.6737,0.5206,4.9829,4.8238,0.1592,1134293684211.0,USD,Consumer durables,Motor vehicles,NASDAQ,Neutral,2025-10-15,2025-07-23,"S&P 500, NASDAQ 100, NASDAQ Composite, S&P 500 Consumer Discretionary, S&P 100, Nasdaq US Large Cap Growth, Russell 3000, Russell 1000, NASDAQ Industrials, NASDAQ Clean Edge Green Energy",True,True,True,True,True,True,False,True,False,False,False,False,True,True,False,False,False,False,False,False,False,False,False,False,False,False,False,False,False,False,False,False,False,False,False,False,False,False,False,False,False,False,True,False,False,False,False,False,False,False,False,True,False,False,True,False,False,False,False,all_tickers,ticker_universe_all,simple_universe_generator,2025-09-29T08:27:42.448744,True
PANW,2025-09-05,daily,194.46,421,189.3175,1.0218,186.586,0.7127,189.267,1.1362,2.7437,182.814,1.0542,6.3704,188.5588,-0.1958,3.1296,187.2238,-0.0328,3.865,185.6628,0.0611,4.7383,178.1147,0.1506,9.1769,83.7544,0.7525,2.2151,0.3357,1.8794,5.1613,2.6542,188.5588,1.1434,1.1791,0.29,0.4442,2.068,4.6159,1.5298,2.068,3.6512,10.382,12.4761,-3.4555,-1.3494,3.712,12.3559,11.4211,0.036,5.1135,12.3559,9589410.0,-0.1087,153514400,3327445.0,208.28,130.985,False,False,-6.6353,48.4598,82.1205,0.1169,11.69,0.1915,0.4187,0.3898,0.3898,Weak Body,True,4.49,0.86,0.8085,0.1915,0.2657,26.57,122968552076.0,USD,Technology services,Packaged software,NASDAQ,Buy,2025-11-13,2025-08-18,"S&P 500, NASDAQ 100, NASDAQ Composite, S&P 500 Information Technology, ISE CTA Cloud Computing, Nasdaq US Large Cap Growth, Russell 3000, NASDAQ-100 Technology Sector, Russell 1000, NASDAQ Computer, S&P 500 ESG",True,True,False,True,True,False,False,True,False,False,False,True,True,False,False,False,True,False,False,False,False,False,False,False,False,True,False,False,False,True,False,False,False,False,False,False,False,False,False,False,True,False,False,False,False,False,False,False,False,False,False,True,False,False,False,True,False,False,False,all_tickers,ticker_universe_all,simple_universe_generator,2025-09-29T08:27:42.448744,True,daily,2025-09-05,194.46,2A,Bullish Trend,green_light,2.6059,Mixed,2.7163,6.3704,3.1296,189.3175,1.0218,186.586,0.7127,189.267,1.1362,2.7437,182.814,1.0542,6.3704,188.5588,-0.1958,3.1296,187.2238,-0.0328,3.865,185.6628,0.0611,4.7383,178.1147,0.1506,9.1769,83.7544,0.7525,2.2151,0.3357,1.8794,122968552076.0,USD,Technology services,Packaged software,NASDAQ,Buy,2025-11-13,2025-08-18,"S&P 500, NASDAQ 100, NASDAQ Composite, S&P 500 Information Technology, ISE CTA Cloud Computing, Nasdaq US Large Cap Growth, Russell 3000, NASDAQ-100 Technology Sector, Russell 1000, NASDAQ Computer, S&P 500 ESG",True,True,False,True,True,False,False,True,False,False,False,True,True,False,False,False,True,False,False,False,False,False,False,False,False,True,False,False,False,True,False,False,False,False,False,False,False,False,False,False,True,False,False,False,False,False,False,False,False,False,False,True,False,False,False,True,False,False,False,all_tickers,ticker_universe_all,simple_universe_generator,2025-09-29T08:27:42.448744,True
TTWO,2025-09-05,daily,239.68,421,236.1771,1.0186,233.6572,0.6833,235.202,0.8756,1.9039,232.1775,0.6722,3.2314,232.5238,-0.039,3.0776,213.1428,0.2922,12.4505,202.2272,0.3202,18.5202,187.7587,0.2482,27.6532,62.9848,0.9647,2.4897,1.236,1.2537,5.2542,2.1922,232.5238,1.362,1.4039,0.33,-0.9587,2.7479,4.65,0.3433,2.7479,3.297,3.066,5.4883,-1.1751,4.3675,15.1145,51.6578,4.5109,2.1045,16.0678,51.6578,1702280.0,-0.098,68699800,348880.0,243.05,135.67,False,False,-1.3866,76.664,96.8616,0.3551,35.51,0.4035,0.12,0.4765,0.12,Moderate Body,False,5.75,2.32,0.5965,0.4035,0.3837,38.37,42579416341.0,USD,Technology services,Packaged software,NASDAQ,Strong buy,2025-11-06,2025-08-07,"S&P 500, NASDAQ 100, NASDAQ Composite, S&P 500 Communication Services, Nasdaq US Large Cap Growth, Russell 3000, Russell 1000, NASDAQ Industrials, S&P 500 ESG, NASDAQ CB Insights Metaverse US Index",True,True,False,True,True,True,False,True,False,False,False,True,True,False,False,False,False,False,False,False,False,False,False,False,False,False,True,False,False,False,True,False,False,False,False,False,False,False,False,False,False,False,False,False,False,False,False,False,False,False,False,True,False,False,False,False,False,True,False,all_tickers,ticker_universe_all,simple_universe_generator,2025-09-29T08:27:42.448744,True,daily,2025-09-05,239.68,2A,Bullish Trend,green_light,1.9639,Mixed,1.4832,3.2314,3.0776,236.1771,1.0186,233.6572,0.6833,235.202,0.8756,1.9039,232.1775,0.6722,3.2314,232.5238,-0.039,3.0776,213.1428,0.2922,12.4505,202.2272,0.3202,18.5202,187.7587,0.2482,27.6532,62.9848,0.9647,2.4897,1.236,1.2537,42579416341.0,USD,Technology services,Packaged software,NASDAQ,Strong buy,2025-11-06,2025-08-07,"S&P 500, NASDAQ 100, NASDAQ Composite, S&P 500 Communication Services, Nasdaq US Large Cap Growth, Russell 3000, Russell 1000, NASDAQ Industrials, S&P 500 ESG, NASDAQ CB Insights Metaverse US Index",True,True,False,True,True,True,False,True,False,False,False,True,True,False,False,False,False,False,False,False,False,False,False,False,False,False,True,False,False,False,True,False,False,False,False,False,False,False,False,False,False,False,False,False,False,False,False,False,False,False,False,True,False,False,False,False,False,True,False,all_tickers,ticker_universe_all,simple_universe_generator,2025-09-29T08:27:42.448744,True
QQQ,2025-09-05,daily,576.06,421,572.4064,-0.0215,571.0088,0.1163,572.285,0.0894,0.6596,573.172,0.4257,0.5039,564.616,0.7606,2.0269,518.8459,0.3063,11.0272,512.3116,0.4321,12.4433,496.9027,0.3819,15.9301,48.7938,0.974,2.6304,3.1785,-0.5482,6.7869,1.1782,564.616,1.6862,1.7204,0.42,-0.7631,0.9923,0.7151,1.0507,0.9923,0.4481,-0.1819,1.5406,4.353,9.3698,15.4511,25.7705,-1.0493,8.3201,19.6361,25.7705,47428120.0,0.4354,1403641800,-3391555.0,580.34,392.9111,False,False,-0.7375,46.6133,97.7165,0.4316,43.16,0.4619,0.0657,0.4724,0.0657,Moderate Body,False,9.59,4.43,0.5381,0.4619,0.4252,42.52,,,,,,,,,MainIndex,False,False,False,False,False,False,False,False,False,False,False,False,False,False,False,False,False,False,False,False,False,False,False,False,False,False,False,False,False,False,False,False,False,False,False,False,False,False,False,False,False,False,False,False,False,False,False,False,False,False,True,False,False,False,False,False,False,False,False,all_tickers,ticker_universe_all,simple_universe_generator,2025-09-29T08:27:42.448744,True,daily,2025-09-05,576.06,2A,Bullish Trend,green_light,1.2338,Mixed,0.6383,0.5039,2.0269,572.4064,-0.0215,571.0088,0.1163,572.285,0.0894,0.6596,573.172,0.4257,0.5039,564.616,0.7606,2.0269,518.8459,0.3063,11.0272,512.3116,0.4321,12.4433,496.9027,0.3819,15.9301,48.7938,0.974,2.6304,3.1785,-0.5482,,,,,,,,,MainIndex,False,False,False,False,False,False,False,False,False,False,False,False,False,False,False,False,False,False,False,False,False,False,False,False,False,False,False,False,False,False,False,False,False,False,False,False,False,False,False,False,False,False,False,False,False,False,False,False,False,False,True,False,False,False,False,False,False,False,False,all_tickers,ticker_universe_all,simple_universe_generator,2025-09-29T08:27:42.448744,True
SPY,2025-09-05,daily,647.24,421,644.8342,0.2754,642.0218,0.4329,645.391,0.5042,0.2865,642.9875,0.7953,0.6614,633.1424,0.8856,2.2266,593.0548,0.2687,9.1366,588.2492,0.3879,10.0282,571.2756,0.3911,13.2973,54.1019,0.9878,4.3021,4.6458,-0.3436,5.6496,0.8729,633.1424,2.4953,2.5509,0.31,-0.6508,0.3395,0.2991,0.5437,0.3395,0.0943,0.6125,2.2851,4.2792,8.9019,11.2907,18.9403,0.6174,7.9476,14.8032,18.9403,65347950.0,0.2718,1686188400,-5573710.0,649.12,458.6224,False,False,-0.2896,41.127,99.0131,0.4382,43.82,0.4775,0.0822,0.4403,0.0822,Moderate Body,False,8.88,4.24,0.5225,0.4775,0.3991,39.91,,,,,,,,,MainIndex,False,False,False,False,False,False,False,False,False,False,False,False,False,False,False,False,False,False,False,False,False,False,False,False,False,False,False,False,False,False,False,False,False,False,False,False,False,False,False,False,False,False,False,False,False,False,False,False,False,False,True,False,False,False,False,False,False,False,False,all_tickers,ticker_universe_all,simple_universe_generator,2025-09-29T08:27:42.448744,True,daily,2025-09-05,647.24,2A,Bullish Trend,green_light,0.8791,Bullish,0.3731,0.6614,2.2266,644.8342,0.2754,642.0218,0.4329,645.391,0.5042,0.2865,642.9875,0.7953,0.6614,633.1424,0.8856,2.2266,593.0548,0.2687,9.1366,588.2492,0.3879,10.0282,571.2756,0.3911,13.2973,54.1019,0.9878,4.3021,4.6458,-0.3436,,,,,,,,,MainIndex,False,False,False,False,False,False,False,False,False,False,False,False,False,False,False,False,False,False,False,False,False,False,False,False,False,False,False,False,False,False,False,False,False,False,False,False,False,False,False,False,False,False,False,False,False,False,False,False,False,False,True,False,False,False,False,False,False,False,False,all_tickers,ticker_universe_all,simple_universe_generator,2025-09-29T08:27:42.448744,True
IWM,2025-09-05,daily,237.77,421,234.2148,0.5345,231.1983,0.5698,235.073,0.8884,1.1473,230.5135,0.812,3.148,224.849,0.4801,5.7465,215.7423,0.0022,10.2102,216.5082,0.0897,9.8203,213.0671,0.1014,11.594,70.6361,0.9591,3.8508,3.4739,0.3769,3.4283,1.4418,224.849,3.7689,3.9855,0.28,0.021,1.1056,1.252,1.7546,1.1056,0.7756,4.3034,7.8029,8.2101,14.0637,12.5112,12.9113,4.4584,11.6077,16.3118,12.9113,33152635.0,0.0693,365567400,2442650.0,240.4764,174.338,False,False,-1.1254,36.3845,95.908,0.0044,0.44,0.0106,0.4038,0.5856,0.5856,Doji,True,4.73,0.05,0.9894,0.0106,0.355,35.5,,,,,,,,,MainIndex,False,False,False,False,False,False,False,False,False,False,False,False,False,False,False,False,False,False,False,False,False,False,False,False,False,False,False,False,False,False,False,False,False,False,False,False,False,False,False,False,False,False,False,False,False,False,False,False,False,False,True,False,False,False,False,False,False,False,False,all_tickers,ticker_universe_all,simple_universe_generator,2025-09-29T08:27:42.448744,True,daily,2025-09-05,237.77,2A,Bullish Trend,green_light,1.4492,Bullish,1.5179,3.148,5.7465,234.2148,0.5345,231.1983,0.5698,235.073,0.8884,1.1473,230.5135,0.812,3.148,224.849,0.4801,5.7465,215.7423,0.0022,10.2102,216.5082,0.0897,9.8203,213.0671,0.1014,11.594,70.6361,0.9591,3.8508,3.4739,0.3769,,,,,,,,,MainIndex,False,False,False,False,False,False,False,False,False,False,False,False,False,False,False,False,False,False,False,False,False,False,False,False,False,False,False,False,False,False,False,False,False,False,False,False,False,False,False,False,False,False,False,False,False,False,False,False,False,False,True,False,False,False,False,False,False,False,False,all_tickers,ticker_universe_all,simple_universe_generator,2025-09-29T08:27:42.448744,True
XLV,2025-09-05,daily,137.9,421,137.0193,0.161,136.1299,0.1733,137.205,0.0766,0.5065,135.717,0.3107,1.6085,134.625,0.0913,2.4327,138.3113,-0.0412,-0.2974,140.5941,-0.0648,-1.9162,141.5849,-0.0033,-2.6026,58.6844,0.3683,1.0726,0.9467,0.1259,1.5618,1.1326,134.625,2.0969,2.1479,0.0,0.4516,0.342,-0.1954,0.7231,0.342,0.679,1.4791,5.6624,2.6347,4.1557,-5.5194,-10.4608,4.3012,2.0687,-5.2297,-10.4608,12867035.0,0.2047,-16171000,5525150.0,154.6105,128.1582,False,False,-10.8081,7.6014,36.8277,0.3855,38.55,0.4662,0.3609,0.1729,0.1729,Moderate Body,True,1.33,0.62,0.5338,0.4662,0.3422,34.22,,,,,,,,,MainIndex,False,False,False,False,False,False,False,False,False,False,False,False,False,False,False,False,False,False,False,False,False,False,False,False,False,False,False,False,False,False,False,False,False,False,False,False,False,False,False,False,False,False,False,False,False,False,False,False,False,False,True,False,False,False,False,False,False,False,False,all_tickers,ticker_universe_all,simple_universe_generator,2025-09-29T08:27:42.448744,True,daily,2025-09-05,137.9,2A,Bullish Trend,green_light,1.0452,Bullish,0.6428,1.6085,2.4327,137.0193,0.161,136.1299,0.1733,137.205,0.0766,0.5065,135.717,0.3107,1.6085,134.625,0.0913,2.4327,138.3113,-0.0412,-0.2974,140.5941,-0.0648,-1.9162,141.5849,-0.0033,-2.6026,58.6844,0.3683,1.0726,0.9467,0.1259,,,,,,,,,MainIndex,False,False,False,False,False,False,False,False,False,False,False,False,False,False,False,False,False,False,False,False,False,False,False,False,False,False,False,False,False,False,False,False,False,False,False,False,False,False,False,False,False,False,False,False,False,False,False,False,False,False,True,False,False,False,False,False,False,False,False,all_tickers,ticker_universe_all,simple_universe_generator,2025-09-29T08:27:42.448744,True
