Date,Open,,Date,High,,Date,Low,,Date,Close,,Date,Volume
Fri Jan 05 2024 11:00:00 GMT-0500 (Eastern Standard Time),4419.96,,Fri Jan 05 2024 11:00:00 GMT-0500 (Eastern Standard Time),4471.98,,Fri Jan 05 2024 11:00:00 GMT-0500 (Eastern Standard Time),4331.38,,Fri Jan 05 2024 11:00:00 GMT-0500 (Eastern Standard Time),4384.17,,Fri Jan 05 2024 11:00:00 GMT-0500 (Eastern Standard Time),0
Fri Jan 12 2024 11:00:00 GMT-0500 (Eastern Standard Time),4376.06,,Fri Jan 12 2024 11:00:00 GMT-0500 (Eastern Standard Time),4433.3,,Fri Jan 12 2024 11:00:00 GMT-0500 (Eastern Standard Time),4342.7,,Fri Jan 12 2024 11:00:00 GMT-0500 (Eastern Standard Time),4360.9,,Fri Jan 12 2024 11:00:00 GMT-0500 (Eastern Standard Time),0
Fri Jan 19 2024 11:00:00 GMT-0500 (Eastern Standard Time),4324.97,,Fri Jan 19 2024 11:00:00 GMT-0500 (Eastern Standard Time),4336.11,,Fri Jan 19 2024 11:00:00 GMT-0500 (Eastern Standard Time),4244.64,,Fri Jan 19 2024 11:00:00 GMT-0500 (Eastern Standard Time),4333.68,,Fri Jan 19 2024 11:00:00 GMT-0500 (Eastern Standard Time),0
Fri Jan 26 2024 11:00:00 GMT-0500 (Eastern Standard Time),4355.52,,Fri Jan 26 2024 11:00:00 GMT-0500 (Eastern Standard Time),4419.98,,Fri Jan 26 2024 11:00:00 GMT-0500 (Eastern Standard Time),4336.46,,Fri Jan 26 2024 11:00:00 GMT-0500 (Eastern Standard Time),4396.43,,Fri Jan 26 2024 11:00:00 GMT-0500 (Eastern Standard Time),0
Fri Feb 02 2024 11:00:00 GMT-0500 (Eastern Standard Time),4395.93,,Fri Feb 02 2024 11:00:00 GMT-0500 (Eastern Standard Time),4435.68,,Fri Feb 02 2024 11:00:00 GMT-0500 (Eastern Standard Time),4289.62,,Fri Feb 02 2024 11:00:00 GMT-0500 (Eastern Standard Time),4350.63,,Fri Feb 02 2024 11:00:00 GMT-0500 (Eastern Standard Time),0
Fri Feb 09 2024 11:00:00 GMT-0500 (Eastern Standard Time),4310.82,,Fri Feb 09 2024 11:00:00 GMT-0500 (Eastern Standard Time),4359.95,,Fri Feb 09 2024 11:00:00 GMT-0500 (Eastern Standard Time),4267.07,,Fri Feb 09 2024 11:00:00 GMT-0500 (Eastern Standard Time),4357.59,,Fri Feb 09 2024 11:00:00 GMT-0500 (Eastern Standard Time),0
Fri Feb 16 2024 11:00:00 GMT-0500 (Eastern Standard Time),4363.53,,Fri Feb 16 2024 11:00:00 GMT-0500 (Eastern Standard Time),4448.66,,Fri Feb 16 2024 11:00:00 GMT-0500 (Eastern Standard Time),4272.96,,Fri Feb 16 2024 11:00:00 GMT-0500 (Eastern Standard Time),4417.93,,Fri Feb 16 2024 11:00:00 GMT-0500 (Eastern Standard Time),0
Fri Feb 23 2024 11:00:00 GMT-0500 (Eastern Standard Time),4383.87,,Fri Feb 23 2024 11:00:00 GMT-0500 (Eastern Standard Time),4469.11,,Fri Feb 23 2024 11:00:00 GMT-0500 (Eastern Standard Time),4372.83,,Fri Feb 23 2024 11:00:00 GMT-0500 (Eastern Standard Time),4452.21,,Fri Feb 23 2024 11:00:00 GMT-0500 (Eastern Standard Time),0
Fri Mar 01 2024 11:00:00 GMT-0500 (Eastern Standard Time),4440.24,,Fri Mar 01 2024 11:00:00 GMT-0500 (Eastern Standard Time),4534.39,,Fri Mar 01 2024 11:00:00 GMT-0500 (Eastern Standard Time),4427.09,,Fri Mar 01 2024 11:00:00 GMT-0500 (Eastern Standard Time),4529.77,,Fri Mar 01 2024 11:00:00 GMT-0500 (Eastern Standard Time),0
Fri Mar 08 2024 11:00:00 GMT-0500 (Eastern Standard Time),4538.08,,Fri Mar 08 2024 11:00:00 GMT-0500 (Eastern Standard Time),4631.42,,Fri Mar 08 2024 11:00:00 GMT-0500 (Eastern Standard Time),4507.97,,Fri Mar 08 2024 11:00:00 GMT-0500 (Eastern Standard Time),4583.08,,Fri Mar 08 2024 11:00:00 GMT-0500 (Eastern Standard Time),0
Fri Mar 15 2024 12:00:00 GMT-0400 (Eastern Daylight Time),4568.53,,Fri Mar 15 2024 12:00:00 GMT-0400 (Eastern Daylight Time),4620.36,,Fri Mar 15 2024 12:00:00 GMT-0400 (Eastern Daylight Time),4515.55,,Fri Mar 15 2024 12:00:00 GMT-0400 (Eastern Daylight Time),4546.52,,Fri Mar 15 2024 12:00:00 GMT-0400 (Eastern Daylight Time),0
Fri Mar 22 2024 12:00:00 GMT-0400 (Eastern Daylight Time),4549.73,,Fri Mar 22 2024 12:00:00 GMT-0400 (Eastern Daylight Time),4701.49,,Fri Mar 22 2024 12:00:00 GMT-0400 (Eastern Daylight Time),4526.92,,Fri Mar 22 2024 12:00:00 GMT-0400 (Eastern Daylight Time),4649.77,,Fri Mar 22 2024 12:00:00 GMT-0400 (Eastern Daylight Time),0
Thu Mar 28 2024 12:00:00 GMT-0400 (Eastern Daylight Time),4658.97,,Thu Mar 28 2024 12:00:00 GMT-0400 (Eastern Daylight Time),4764.63,,Thu Mar 28 2024 12:00:00 GMT-0400 (Eastern Daylight Time),4642.54,,Thu Mar 28 2024 12:00:00 GMT-0400 (Eastern Daylight Time),4758.31,,Thu Mar 28 2024 12:00:00 GMT-0400 (Eastern Daylight Time),0
Fri Apr 05 2024 12:00:00 GMT-0400 (Eastern Daylight Time),4761.8,,Fri Apr 05 2024 12:00:00 GMT-0400 (Eastern Daylight Time),4761.8,,Fri Apr 05 2024 12:00:00 GMT-0400 (Eastern Daylight Time),4631.1,,Fri Apr 05 2024 12:00:00 GMT-0400 (Eastern Daylight Time),4668.87,,Fri Apr 05 2024 12:00:00 GMT-0400 (Eastern Daylight Time),0
Fri Apr 12 2024 12:00:00 GMT-0400 (Eastern Daylight Time),4689.78,,Fri Apr 12 2024 12:00:00 GMT-0400 (Eastern Daylight Time),4712.67,,Fri Apr 12 2024 12:00:00 GMT-0400 (Eastern Daylight Time),4489.34,,Fri Apr 12 2024 12:00:00 GMT-0400 (Eastern Daylight Time),4503.01,,Fri Apr 12 2024 12:00:00 GMT-0400 (Eastern Daylight Time),0
Fri Apr 19 2024 12:00:00 GMT-0400 (Eastern Daylight Time),4540.03,,Fri Apr 19 2024 12:00:00 GMT-0400 (Eastern Daylight Time),4555.5,,Fri Apr 19 2024 12:00:00 GMT-0400 (Eastern Daylight Time),4393.89,,Fri Apr 19 2024 12:00:00 GMT-0400 (Eastern Daylight Time),4437.44,,Fri Apr 19 2024 12:00:00 GMT-0400 (Eastern Daylight Time),0
Fri Apr 26 2024 12:00:00 GMT-0400 (Eastern Daylight Time),4454.29,,Fri Apr 26 2024 12:00:00 GMT-0400 (Eastern Daylight Time),4538.41,,Fri Apr 26 2024 12:00:00 GMT-0400 (Eastern Daylight Time),4428.46,,Fri Apr 26 2024 12:00:00 GMT-0400 (Eastern Daylight Time),4514.44,,Fri Apr 26 2024 12:00:00 GMT-0400 (Eastern Daylight Time),0
Fri May 03 2024 12:00:00 GMT-0400 (Eastern Daylight Time),4530.75,,Fri May 03 2024 12:00:00 GMT-0400 (Eastern Daylight Time),4601.45,,Fri May 03 2024 12:00:00 GMT-0400 (Eastern Daylight Time),4457.75,,Fri May 03 2024 12:00:00 GMT-0400 (Eastern Daylight Time),4561.64,,Fri May 03 2024 12:00:00 GMT-0400 (Eastern Daylight Time),0
Fri May 10 2024 12:00:00 GMT-0400 (Eastern Daylight Time),4596.96,,Fri May 10 2024 12:00:00 GMT-0400 (Eastern Daylight Time),4683.82,,Fri May 10 2024 12:00:00 GMT-0400 (Eastern Daylight Time),4584.96,,Fri May 10 2024 12:00:00 GMT-0400 (Eastern Daylight Time),4654.37,,Fri May 10 2024 12:00:00 GMT-0400 (Eastern Daylight Time),0
Fri May 17 2024 12:00:00 GMT-0400 (Eastern Daylight Time),4682.73,,Fri May 17 2024 12:00:00 GMT-0400 (Eastern Daylight Time),4757.82,,Fri May 17 2024 12:00:00 GMT-0400 (Eastern Daylight Time),4667.43,,Fri May 17 2024 12:00:00 GMT-0400 (Eastern Daylight Time),4712.36,,Fri May 17 2024 12:00:00 GMT-0400 (Eastern Daylight Time),0
Fri May 24 2024 12:00:00 GMT-0400 (Eastern Daylight Time),4714.55,,Fri May 24 2024 12:00:00 GMT-0400 (Eastern Daylight Time),4731.26,,Fri May 24 2024 12:00:00 GMT-0400 (Eastern Daylight Time),4599.53,,Fri May 24 2024 12:00:00 GMT-0400 (Eastern Daylight Time),4646.16,,Fri May 24 2024 12:00:00 GMT-0400 (Eastern Daylight Time),0
Fri May 31 2024 12:00:00 GMT-0400 (Eastern Daylight Time),4665.41,,Fri May 31 2024 12:00:00 GMT-0400 (Eastern Daylight Time),4675.3,,Fri May 31 2024 12:00:00 GMT-0400 (Eastern Daylight Time),4567.65,,Fri May 31 2024 12:00:00 GMT-0400 (Eastern Daylight Time),4674.73,,Fri May 31 2024 12:00:00 GMT-0400 (Eastern Daylight Time),0
Fri Jun 07 2024 12:00:00 GMT-0400 (Eastern Daylight Time),4709.11,,Fri Jun 07 2024 12:00:00 GMT-0400 (Eastern Daylight Time),4709.56,,Fri Jun 07 2024 12:00:00 GMT-0400 (Eastern Daylight Time),4543.33,,Fri Jun 07 2024 12:00:00 GMT-0400 (Eastern Daylight Time),4557.26,,Fri Jun 07 2024 12:00:00 GMT-0400 (Eastern Daylight Time),0
Fri Jun 14 2024 12:00:00 GMT-0400 (Eastern Daylight Time),4527.77,,Fri Jun 14 2024 12:00:00 GMT-0400 (Eastern Daylight Time),4641.3,,Fri Jun 14 2024 12:00:00 GMT-0400 (Eastern Daylight Time),4471.64,,Fri Jun 14 2024 12:00:00 GMT-0400 (Eastern Daylight Time),4494,,Fri Jun 14 2024 12:00:00 GMT-0400 (Eastern Daylight Time),0
Fri Jun 21 2024 12:00:00 GMT-0400 (Eastern Daylight Time),4482.71,,Fri Jun 21 2024 12:00:00 GMT-0400 (Eastern Daylight Time),4545.81,,Fri Jun 21 2024 12:00:00 GMT-0400 (Eastern Daylight Time),4468.99,,Fri Jun 21 2024 12:00:00 GMT-0400 (Eastern Daylight Time),4539.29,,Fri Jun 21 2024 12:00:00 GMT-0400 (Eastern Daylight Time),0
Fri Jun 28 2024 12:00:00 GMT-0400 (Eastern Daylight Time),4546.12,,Fri Jun 28 2024 12:00:00 GMT-0400 (Eastern Daylight Time),4602.23,,Fri Jun 28 2024 12:00:00 GMT-0400 (Eastern Daylight Time),4505.7,,Fri Jun 28 2024 12:00:00 GMT-0400 (Eastern Daylight Time),4553.5,,Fri Jun 28 2024 12:00:00 GMT-0400 (Eastern Daylight Time),0
Fri Jul 05 2024 12:00:00 GMT-0400 (Eastern Daylight Time),4566.12,,Fri Jul 05 2024 12:00:00 GMT-0400 (Eastern Daylight Time),4571.73,,Fri Jul 05 2024 12:00:00 GMT-0400 (Eastern Daylight Time),4481.7,,Fri Jul 05 2024 12:00:00 GMT-0400 (Eastern Daylight Time),4490.02,,Fri Jul 05 2024 12:00:00 GMT-0400 (Eastern Daylight Time),0
Fri Jul 12 2024 12:00:00 GMT-0400 (Eastern Daylight Time),4508.97,,Fri Jul 12 2024 12:00:00 GMT-0400 (Eastern Daylight Time),4719.97,,Fri Jul 12 2024 12:00:00 GMT-0400 (Eastern Daylight Time),4494.45,,Fri Jul 12 2024 12:00:00 GMT-0400 (Eastern Daylight Time),4699.2,,Fri Jul 12 2024 12:00:00 GMT-0400 (Eastern Daylight Time),0
Fri Jul 19 2024 12:00:00 GMT-0400 (Eastern Daylight Time),4712.72,,Fri Jul 19 2024 12:00:00 GMT-0400 (Eastern Daylight Time),4857.58,,Fri Jul 19 2024 12:00:00 GMT-0400 (Eastern Daylight Time),4703.5,,Fri Jul 19 2024 12:00:00 GMT-0400 (Eastern Daylight Time),4729.65,,Fri Jul 19 2024 12:00:00 GMT-0400 (Eastern Daylight Time),0
Fri Jul 26 2024 12:00:00 GMT-0400 (Eastern Daylight Time),4742.39,,Fri Jul 26 2024 12:00:00 GMT-0400 (Eastern Daylight Time),4831.72,,Fri Jul 26 2024 12:00:00 GMT-0400 (Eastern Daylight Time),4696.38,,Fri Jul 26 2024 12:00:00 GMT-0400 (Eastern Daylight Time),4822.37,,Fri Jul 26 2024 12:00:00 GMT-0400 (Eastern Daylight Time),0
Fri Aug 02 2024 12:00:00 GMT-0400 (Eastern Daylight Time),4831.21,,Fri Aug 02 2024 12:00:00 GMT-0400 (Eastern Daylight Time),4924.73,,Fri Aug 02 2024 12:00:00 GMT-0400 (Eastern Daylight Time),4571.1,,Fri Aug 02 2024 12:00:00 GMT-0400 (Eastern Daylight Time),4616.77,,Fri Aug 02 2024 12:00:00 GMT-0400 (Eastern Daylight Time),0
Fri Aug 09 2024 12:00:00 GMT-0400 (Eastern Daylight Time),4477.51,,Fri Aug 09 2024 12:00:00 GMT-0400 (Eastern Daylight Time),4612.86,,Fri Aug 09 2024 12:00:00 GMT-0400 (Eastern Daylight Time),4410.04,,Fri Aug 09 2024 12:00:00 GMT-0400 (Eastern Daylight Time),4600.24,,Fri Aug 09 2024 12:00:00 GMT-0400 (Eastern Daylight Time),0
Fri Aug 16 2024 12:00:00 GMT-0400 (Eastern Daylight Time),4604.16,,Fri Aug 16 2024 12:00:00 GMT-0400 (Eastern Daylight Time),4732.37,,Fri Aug 16 2024 12:00:00 GMT-0400 (Eastern Daylight Time),4562.57,,Fri Aug 16 2024 12:00:00 GMT-0400 (Eastern Daylight Time),4720.54,,Fri Aug 16 2024 12:00:00 GMT-0400 (Eastern Daylight Time),0
Fri Aug 23 2024 12:00:00 GMT-0400 (Eastern Daylight Time),4727.1,,Fri Aug 23 2024 12:00:00 GMT-0400 (Eastern Daylight Time),4872.78,,Fri Aug 23 2024 12:00:00 GMT-0400 (Eastern Daylight Time),4713.72,,Fri Aug 23 2024 12:00:00 GMT-0400 (Eastern Daylight Time),4865.44,,Fri Aug 23 2024 12:00:00 GMT-0400 (Eastern Daylight Time),0
Fri Aug 30 2024 12:00:00 GMT-0400 (Eastern Daylight Time),4891.43,,Fri Aug 30 2024 12:00:00 GMT-0400 (Eastern Daylight Time),4906.17,,Fri Aug 30 2024 12:00:00 GMT-0400 (Eastern Daylight Time),4806.6,,Fri Aug 30 2024 12:00:00 GMT-0400 (Eastern Daylight Time),4875.48,,Fri Aug 30 2024 12:00:00 GMT-0400 (Eastern Daylight Time),0
Fri Sep 06 2024 12:00:00 GMT-0400 (Eastern Daylight Time),4840.49,,Fri Sep 06 2024 12:00:00 GMT-0400 (Eastern Daylight Time),4858.33,,Fri Sep 06 2024 12:00:00 GMT-0400 (Eastern Daylight Time),4659.48,,Fri Sep 06 2024 12:00:00 GMT-0400 (Eastern Daylight Time),4666.16,,Fri Sep 06 2024 12:00:00 GMT-0400 (Eastern Daylight Time),0
Fri Sep 13 2024 12:00:00 GMT-0400 (Eastern Daylight Time),4680.8,,Fri Sep 13 2024 12:00:00 GMT-0400 (Eastern Daylight Time),4811.34,,Fri Sep 13 2024 12:00:00 GMT-0400 (Eastern Daylight Time),4577.42,,Fri Sep 13 2024 12:00:00 GMT-0400 (Eastern Daylight Time),4809.06,,Fri Sep 13 2024 12:00:00 GMT-0400 (Eastern Daylight Time),0
Fri Sep 20 2024 12:00:00 GMT-0400 (Eastern Daylight Time),4824.09,,Fri Sep 20 2024 12:00:00 GMT-0400 (Eastern Daylight Time),4960.82,,Fri Sep 20 2024 12:00:00 GMT-0400 (Eastern Daylight Time),4810.03,,Fri Sep 20 2024 12:00:00 GMT-0400 (Eastern Daylight Time),4923.21,,Fri Sep 20 2024 12:00:00 GMT-0400 (Eastern Daylight Time),0
Fri Sep 27 2024 12:00:00 GMT-0400 (Eastern Daylight Time),4942.88,,Fri Sep 27 2024 12:00:00 GMT-0400 (Eastern Daylight Time),5009.02,,Fri Sep 27 2024 12:00:00 GMT-0400 (Eastern Daylight Time),4901.82,,Fri Sep 27 2024 12:00:00 GMT-0400 (Eastern Daylight Time),4975.5,,Fri Sep 27 2024 12:00:00 GMT-0400 (Eastern Daylight Time),0
Fri Oct 04 2024 12:00:00 GMT-0400 (Eastern Daylight Time),4961.03,,Fri Oct 04 2024 12:00:00 GMT-0400 (Eastern Daylight Time),4984.88,,Fri Oct 04 2024 12:00:00 GMT-0400 (Eastern Daylight Time),4887.11,,Fri Oct 04 2024 12:00:00 GMT-0400 (Eastern Daylight Time),4972.7,,Fri Oct 04 2024 12:00:00 GMT-0400 (Eastern Daylight Time),0
Fri Oct 11 2024 12:00:00 GMT-0400 (Eastern Daylight Time),4954.99,,Fri Oct 11 2024 12:00:00 GMT-0400 (Eastern Daylight Time),4999.6,,Fri Oct 11 2024 12:00:00 GMT-0400 (Eastern Daylight Time),4901.23,,Fri Oct 11 2024 12:00:00 GMT-0400 (Eastern Daylight Time),4994.28,,Fri Oct 11 2024 12:00:00 GMT-0400 (Eastern Daylight Time),0
Fri Oct 18 2024 12:00:00 GMT-0400 (Eastern Daylight Time),4993.61,,Fri Oct 18 2024 12:00:00 GMT-0400 (Eastern Daylight Time),5097.92,,Fri Oct 18 2024 12:00:00 GMT-0400 (Eastern Daylight Time),4981.04,,Fri Oct 18 2024 12:00:00 GMT-0400 (Eastern Daylight Time),5091.56,,Fri Oct 18 2024 12:00:00 GMT-0400 (Eastern Daylight Time),0
Fri Oct 25 2024 12:00:00 GMT-0400 (Eastern Daylight Time),5086.7,,Fri Oct 25 2024 12:00:00 GMT-0400 (Eastern Daylight Time),5088.37,,Fri Oct 25 2024 12:00:00 GMT-0400 (Eastern Daylight Time),4948.03,,Fri Oct 25 2024 12:00:00 GMT-0400 (Eastern Daylight Time),4957.63,,Fri Oct 25 2024 12:00:00 GMT-0400 (Eastern Daylight Time),0
Fri Nov 01 2024 12:00:00 GMT-0400 (Eastern Daylight Time),4982.88,,Fri Nov 01 2024 12:00:00 GMT-0400 (Eastern Daylight Time),5050.98,,Fri Nov 01 2024 12:00:00 GMT-0400 (Eastern Daylight Time),4921.64,,Fri Nov 01 2024 12:00:00 GMT-0400 (Eastern Daylight Time),4926.12,,Fri Nov 01 2024 12:00:00 GMT-0400 (Eastern Daylight Time),0
Fri Nov 08 2024 11:00:00 GMT-0500 (Eastern Standard Time),4926.3,,Fri Nov 08 2024 11:00:00 GMT-0500 (Eastern Standard Time),5182.93,,Fri Nov 08 2024 11:00:00 GMT-0500 (Eastern Standard Time),4911.96,,Fri Nov 08 2024 11:00:00 GMT-0500 (Eastern Standard Time),5170.49,,Fri Nov 08 2024 11:00:00 GMT-0500 (Eastern Standard Time),0
Fri Nov 15 2024 11:00:00 GMT-0500 (Eastern Standard Time),5206.65,,Fri Nov 15 2024 11:00:00 GMT-0500 (Eastern Standard Time),5244.62,,Fri Nov 15 2024 11:00:00 GMT-0500 (Eastern Standard Time),5079.49,,Fri Nov 15 2024 11:00:00 GMT-0500 (Eastern Standard Time),5096.57,,Fri Nov 15 2024 11:00:00 GMT-0500 (Eastern Standard Time),0
Fri Nov 22 2024 11:00:00 GMT-0500 (Eastern Standard Time),5095.35,,Fri Nov 22 2024 11:00:00 GMT-0500 (Eastern Standard Time),5274.97,,Fri Nov 22 2024 11:00:00 GMT-0500 (Eastern Standard Time),5060.37,,Fri Nov 22 2024 11:00:00 GMT-0500 (Eastern Standard Time),5269.98,,Fri Nov 22 2024 11:00:00 GMT-0500 (Eastern Standard Time),0
Fri Nov 29 2024 08:00:00 GMT-0500 (Eastern Standard Time),5314.69,,Fri Nov 29 2024 08:00:00 GMT-0500 (Eastern Standard Time),5373.39,,Fri Nov 29 2024 08:00:00 GMT-0500 (Eastern Standard Time),5298.56,,Fri Nov 29 2024 08:00:00 GMT-0500 (Eastern Standard Time),5320.64,,Fri Nov 29 2024 08:00:00 GMT-0500 (Eastern Standard Time),0
Fri Dec 06 2024 11:00:00 GMT-0500 (Eastern Standard Time),5323.33,,Fri Dec 06 2024 11:00:00 GMT-0500 (Eastern Standard Time),5326.87,,Fri Dec 06 2024 11:00:00 GMT-0500 (Eastern Standard Time),5218.12,,Fri Dec 06 2024 11:00:00 GMT-0500 (Eastern Standard Time),5230.27,,Fri Dec 06 2024 11:00:00 GMT-0500 (Eastern Standard Time),0
Fri Dec 13 2024 11:00:00 GMT-0500 (Eastern Standard Time),5252.01,,Fri Dec 13 2024 11:00:00 GMT-0500 (Eastern Standard Time),5264.75,,Fri Dec 13 2024 11:00:00 GMT-0500 (Eastern Standard Time),5109.29,,Fri Dec 13 2024 11:00:00 GMT-0500 (Eastern Standard Time),5124.74,,Fri Dec 13 2024 11:00:00 GMT-0500 (Eastern Standard Time),0
Fri Dec 20 2024 11:00:00 GMT-0500 (Eastern Standard Time),5119.59,,Fri Dec 20 2024 11:00:00 GMT-0500 (Eastern Standard Time),5145.16,,Fri Dec 20 2024 11:00:00 GMT-0500 (Eastern Standard Time),4835.67,,Fri Dec 20 2024 11:00:00 GMT-0500 (Eastern Standard Time),4927.18,,Fri Dec 20 2024 11:00:00 GMT-0500 (Eastern Standard Time),0
Fri Dec 27 2024 11:00:00 GMT-0500 (Eastern Standard Time),4909.56,,Fri Dec 27 2024 11:00:00 GMT-0500 (Eastern Standard Time),4992.65,,Fri Dec 27 2024 11:00:00 GMT-0500 (Eastern Standard Time),4884.73,,Fri Dec 27 2024 11:00:00 GMT-0500 (Eastern Standard Time),4939.75,,Fri Dec 27 2024 11:00:00 GMT-0500 (Eastern Standard Time),0
Fri Jan 03 2025 11:00:00 GMT-0500 (Eastern Standard Time),4900.94,,Fri Jan 03 2025 11:00:00 GMT-0500 (Eastern Standard Time),4969.8,,Fri Jan 03 2025 11:00:00 GMT-0500 (Eastern Standard Time),4862.55,,Fri Jan 03 2025 11:00:00 GMT-0500 (Eastern Standard Time),4968.27,,Fri Jan 03 2025 11:00:00 GMT-0500 (Eastern Standard Time),0
Fri Jan 10 2025 11:00:00 GMT-0500 (Eastern Standard Time),4993.82,,Fri Jan 10 2025 11:00:00 GMT-0500 (Eastern Standard Time),5021.64,,Fri Jan 10 2025 11:00:00 GMT-0500 (Eastern Standard Time),4856.9,,Fri Jan 10 2025 11:00:00 GMT-0500 (Eastern Standard Time),4878.06,,Fri Jan 10 2025 11:00:00 GMT-0500 (Eastern Standard Time),0
Fri Jan 17 2025 11:00:00 GMT-0500 (Eastern Standard Time),4850.11,,Fri Jan 17 2025 11:00:00 GMT-0500 (Eastern Standard Time),5131.68,,Fri Jan 17 2025 11:00:00 GMT-0500 (Eastern Standard Time),4843.7,,Fri Jan 17 2025 11:00:00 GMT-0500 (Eastern Standard Time),5110.94,,Fri Jan 17 2025 11:00:00 GMT-0500 (Eastern Standard Time),0
Fri Jan 24 2025 11:00:00 GMT-0500 (Eastern Standard Time),5152.36,,Fri Jan 24 2025 11:00:00 GMT-0500 (Eastern Standard Time),5196.73,,Fri Jan 24 2025 11:00:00 GMT-0500 (Eastern Standard Time),5145.15,,Fri Jan 24 2025 11:00:00 GMT-0500 (Eastern Standard Time),5175.52,,Fri Jan 24 2025 11:00:00 GMT-0500 (Eastern Standard Time),0
Fri Jan 31 2025 11:00:00 GMT-0500 (Eastern Standard Time),5112.76,,Fri Jan 31 2025 11:00:00 GMT-0500 (Eastern Standard Time),5195.21,,Fri Jan 31 2025 11:00:00 GMT-0500 (Eastern Standard Time),5085.17,,Fri Jan 31 2025 11:00:00 GMT-0500 (Eastern Standard Time),5117.31,,Fri Jan 31 2025 11:00:00 GMT-0500 (Eastern Standard Time),0
Fri Feb 07 2025 11:00:00 GMT-0500 (Eastern Standard Time),5005.77,,Fri Feb 07 2025 11:00:00 GMT-0500 (Eastern Standard Time),5145.19,,Fri Feb 07 2025 11:00:00 GMT-0500 (Eastern Standard Time),4981.53,,Fri Feb 07 2025 11:00:00 GMT-0500 (Eastern Standard Time),5067.77,,Fri Feb 07 2025 11:00:00 GMT-0500 (Eastern Standard Time),0
Fri Feb 14 2025 11:00:00 GMT-0500 (Eastern Standard Time),5089.01,,Fri Feb 14 2025 11:00:00 GMT-0500 (Eastern Standard Time),5106.87,,Fri Feb 14 2025 11:00:00 GMT-0500 (Eastern Standard Time),4983.32,,Fri Feb 14 2025 11:00:00 GMT-0500 (Eastern Standard Time),5083.11,,Fri Feb 14 2025 11:00:00 GMT-0500 (Eastern Standard Time),0
Fri Feb 21 2025 11:00:00 GMT-0500 (Eastern Standard Time),5091.41,,Fri Feb 21 2025 11:00:00 GMT-0500 (Eastern Standard Time),5123.03,,Fri Feb 21 2025 11:00:00 GMT-0500 (Eastern Standard Time),4948.92,,Fri Feb 21 2025 11:00:00 GMT-0500 (Eastern Standard Time),4965.02,,Fri Feb 21 2025 11:00:00 GMT-0500 (Eastern Standard Time),0
Fri Feb 28 2025 11:00:00 GMT-0500 (Eastern Standard Time),4984.8,,Fri Feb 28 2025 11:00:00 GMT-0500 (Eastern Standard Time),5024.56,,Fri Feb 28 2025 11:00:00 GMT-0500 (Eastern Standard Time),4886.41,,Fri Feb 28 2025 11:00:00 GMT-0500 (Eastern Standard Time),4953.7,,Fri Feb 28 2025 11:00:00 GMT-0500 (Eastern Standard Time),0
Fri Mar 07 2025 11:00:00 GMT-0500 (Eastern Standard Time),4966.09,,Fri Mar 07 2025 11:00:00 GMT-0500 (Eastern Standard Time),4986.19,,Fri Mar 07 2025 11:00:00 GMT-0500 (Eastern Standard Time),4662.17,,Fri Mar 07 2025 11:00:00 GMT-0500 (Eastern Standard Time),4752.98,,Fri Mar 07 2025 11:00:00 GMT-0500 (Eastern Standard Time),0
Fri Mar 14 2025 12:00:00 GMT-0400 (Eastern Daylight Time),4704.93,,Fri Mar 14 2025 12:00:00 GMT-0400 (Eastern Daylight Time),4731.76,,Fri Mar 14 2025 12:00:00 GMT-0400 (Eastern Daylight Time),4544.54,,Fri Mar 14 2025 12:00:00 GMT-0400 (Eastern Daylight Time),4673.13,,Fri Mar 14 2025 12:00:00 GMT-0400 (Eastern Daylight Time),0
Fri Mar 21 2025 12:00:00 GMT-0400 (Eastern Daylight Time),4672.24,,Fri Mar 21 2025 12:00:00 GMT-0400 (Eastern Daylight Time),4799.68,,Fri Mar 21 2025 12:00:00 GMT-0400 (Eastern Daylight Time),4672.24,,Fri Mar 21 2025 12:00:00 GMT-0400 (Eastern Daylight Time),4719.63,,Fri Mar 21 2025 12:00:00 GMT-0400 (Eastern Daylight Time),0
Fri Mar 28 2025 12:00:00 GMT-0400 (Eastern Daylight Time),4770.98,,Fri Mar 28 2025 12:00:00 GMT-0400 (Eastern Daylight Time),4832.47,,Fri Mar 28 2025 12:00:00 GMT-0400 (Eastern Daylight Time),4660.54,,Fri Mar 28 2025 12:00:00 GMT-0400 (Eastern Daylight Time),4680.93,,Fri Mar 28 2025 12:00:00 GMT-0400 (Eastern Daylight Time),0
Fri Apr 04 2025 12:00:00 GMT-0400 (Eastern Daylight Time),4630.45,,Fri Apr 04 2025 12:00:00 GMT-0400 (Eastern Daylight Time),4787.76,,Fri Apr 04 2025 12:00:00 GMT-0400 (Eastern Daylight Time),4142.87,,Fri Apr 04 2025 12:00:00 GMT-0400 (Eastern Daylight Time),4224.63,,Fri Apr 04 2025 12:00:00 GMT-0400 (Eastern Daylight Time),0
Fri Apr 11 2025 12:00:00 GMT-0400 (Eastern Daylight Time),4094.04,,Fri Apr 11 2025 12:00:00 GMT-0400 (Eastern Daylight Time),4463.71,,Fri Apr 11 2025 12:00:00 GMT-0400 (Eastern Daylight Time),4006.89,,Fri Apr 11 2025 12:00:00 GMT-0400 (Eastern Daylight Time),4308.83,,Fri Apr 11 2025 12:00:00 GMT-0400 (Eastern Daylight Time),0
Thu Apr 17 2025 12:00:00 GMT-0400 (Eastern Daylight Time),4380.26,,Thu Apr 17 2025 12:00:00 GMT-0400 (Eastern Daylight Time),4413.79,,Thu Apr 17 2025 12:00:00 GMT-0400 (Eastern Daylight Time),4290.86,,Thu Apr 17 2025 12:00:00 GMT-0400 (Eastern Daylight Time),4369.73,,Thu Apr 17 2025 12:00:00 GMT-0400 (Eastern Daylight Time),0
Fri Apr 25 2025 12:00:00 GMT-0400 (Eastern Daylight Time),4334.15,,Fri Apr 25 2025 12:00:00 GMT-0400 (Eastern Daylight Time),4564.61,,Fri Apr 25 2025 12:00:00 GMT-0400 (Eastern Daylight Time),4230.93,,Fri Apr 25 2025 12:00:00 GMT-0400 (Eastern Daylight Time),4507.75,,Fri Apr 25 2025 12:00:00 GMT-0400 (Eastern Daylight Time),0
Fri May 02 2025 12:00:00 GMT-0400 (Eastern Daylight Time),4513.85,,Fri May 02 2025 12:00:00 GMT-0400 (Eastern Daylight Time),4635.18,,Fri May 02 2025 12:00:00 GMT-0400 (Eastern Daylight Time),4421.44,,Fri May 02 2025 12:00:00 GMT-0400 (Eastern Daylight Time),4626.7,,Fri May 02 2025 12:00:00 GMT-0400 (Eastern Daylight Time),0
Fri May 09 2025 12:00:00 GMT-0400 (Eastern Daylight Time),4593.98,,Fri May 09 2025 12:00:00 GMT-0400 (Eastern Daylight Time),4696.01,,Fri May 09 2025 12:00:00 GMT-0400 (Eastern Daylight Time),4566.96,,Fri May 09 2025 12:00:00 GMT-0400 (Eastern Daylight Time),4660.37,,Fri May 09 2025 12:00:00 GMT-0400 (Eastern Daylight Time),0
Fri May 16 2025 12:00:00 GMT-0400 (Eastern Daylight Time),4791.88,,Fri May 16 2025 12:00:00 GMT-0400 (Eastern Daylight Time),4887.36,,Fri May 16 2025 12:00:00 GMT-0400 (Eastern Daylight Time),4791.88,,Fri May 16 2025 12:00:00 GMT-0400 (Eastern Daylight Time),4886.46,,Fri May 16 2025 12:00:00 GMT-0400 (Eastern Daylight Time),0
Fri May 23 2025 12:00:00 GMT-0400 (Eastern Daylight Time),4828.17,,Fri May 23 2025 12:00:00 GMT-0400 (Eastern Daylight Time),4886.55,,Fri May 23 2025 12:00:00 GMT-0400 (Eastern Daylight Time),4668.74,,Fri May 23 2025 12:00:00 GMT-0400 (Eastern Daylight Time),4721,,Fri May 23 2025 12:00:00 GMT-0400 (Eastern Daylight Time),0
Fri May 30 2025 12:00:00 GMT-0400 (Eastern Daylight Time),4774.96,,Fri May 30 2025 12:00:00 GMT-0400 (Eastern Daylight Time),4824.05,,Fri May 30 2025 12:00:00 GMT-0400 (Eastern Daylight Time),4721.18,,Fri May 30 2025 12:00:00 GMT-0400 (Eastern Daylight Time),4760.72,,Fri May 30 2025 12:00:00 GMT-0400 (Eastern Daylight Time),0
Fri Jun 06 2025 12:00:00 GMT-0400 (Eastern Daylight Time),4755.32,,Fri Jun 06 2025 12:00:00 GMT-0400 (Eastern Daylight Time),4839.59,,Fri Jun 06 2025 12:00:00 GMT-0400 (Eastern Daylight Time),4698.83,,Fri Jun 06 2025 12:00:00 GMT-0400 (Eastern Daylight Time),4835.39,,Fri Jun 06 2025 12:00:00 GMT-0400 (Eastern Daylight Time),0
Fri Jun 13 2025 12:00:00 GMT-0400 (Eastern Daylight Time),4854.09,,Fri Jun 13 2025 12:00:00 GMT-0400 (Eastern Daylight Time),4883.29,,Fri Jun 13 2025 12:00:00 GMT-0400 (Eastern Daylight Time),4761.07,,Fri Jun 13 2025 12:00:00 GMT-0400 (Eastern Daylight Time),4776.92,,Fri Jun 13 2025 12:00:00 GMT-0400 (Eastern Daylight Time),0
Fri Jun 20 2025 12:00:00 GMT-0400 (Eastern Daylight Time),4813.9,,Fri Jun 20 2025 12:00:00 GMT-0400 (Eastern Daylight Time),4849.93,,Fri Jun 20 2025 12:00:00 GMT-0400 (Eastern Daylight Time),4781.15,,Fri Jun 20 2025 12:00:00 GMT-0400 (Eastern Daylight Time),4817.68,,Fri Jun 20 2025 12:00:00 GMT-0400 (Eastern Daylight Time),0
Fri Jun 27 2025 12:00:00 GMT-0400 (Eastern Daylight Time),4805.84,,Fri Jun 27 2025 12:00:00 GMT-0400 (Eastern Daylight Time),4969.8,,Fri Jun 27 2025 12:00:00 GMT-0400 (Eastern Daylight Time),4776.27,,Fri Jun 27 2025 12:00:00 GMT-0400 (Eastern Daylight Time),4938,,Fri Jun 27 2025 12:00:00 GMT-0400 (Eastern Daylight Time),0
Thu Jul 03 2025 09:00:00 GMT-0400 (Eastern Daylight Time),4947.54,,Thu Jul 03 2025 09:00:00 GMT-0400 (Eastern Daylight Time),5102.33,,Thu Jul 03 2025 09:00:00 GMT-0400 (Eastern Daylight Time),4929.38,,Thu Jul 03 2025 09:00:00 GMT-0400 (Eastern Daylight Time),5091.39,,Thu Jul 03 2025 09:00:00 GMT-0400 (Eastern Daylight Time),0
Fri Jul 11 2025 12:00:00 GMT-0400 (Eastern Daylight Time),5067.45,,Fri Jul 11 2025 12:00:00 GMT-0400 (Eastern Daylight Time),5134.32,,Fri Jul 11 2025 12:00:00 GMT-0400 (Eastern Daylight Time),5021.36,,Fri Jul 11 2025 12:00:00 GMT-0400 (Eastern Daylight Time),5081.54,,Fri Jul 11 2025 12:00:00 GMT-0400 (Eastern Daylight Time),0
Fri Jul 18 2025 12:00:00 GMT-0400 (Eastern Daylight Time),5071.41,,Fri Jul 18 2025 12:00:00 GMT-0400 (Eastern Daylight Time),5100.16,,Fri Jul 18 2025 12:00:00 GMT-0400 (Eastern Daylight Time),4941.99,,Fri Jul 18 2025 12:00:00 GMT-0400 (Eastern Daylight Time),5072.91,,Fri Jul 18 2025 12:00:00 GMT-0400 (Eastern Daylight Time),0
Fri Jul 25 2025 12:00:00 GMT-0400 (Eastern Daylight Time),5089.72,,Fri Jul 25 2025 12:00:00 GMT-0400 (Eastern Daylight Time),5179.52,,Fri Jul 25 2025 12:00:00 GMT-0400 (Eastern Daylight Time),5042.36,,Fri Jul 25 2025 12:00:00 GMT-0400 (Eastern Daylight Time),5134.1,,Fri Jul 25 2025 12:00:00 GMT-0400 (Eastern Daylight Time),0
Fri Aug 01 2025 12:00:00 GMT-0400 (Eastern Daylight Time),5139.04,,Fri Aug 01 2025 12:00:00 GMT-0400 (Eastern Daylight Time),5140.76,,Fri Aug 01 2025 12:00:00 GMT-0400 (Eastern Daylight Time),4911.27,,Fri Aug 01 2025 12:00:00 GMT-0400 (Eastern Daylight Time),4976.42,,Fri Aug 01 2025 12:00:00 GMT-0400 (Eastern Daylight Time),0
Fri Aug 08 2025 12:00:00 GMT-0400 (Eastern Daylight Time),5003.25,,Fri Aug 08 2025 12:00:00 GMT-0400 (Eastern Daylight Time),5078.18,,Fri Aug 08 2025 12:00:00 GMT-0400 (Eastern Daylight Time),5001.74,,Fri Aug 08 2025 12:00:00 GMT-0400 (Eastern Daylight Time),5032.05,,Fri Aug 08 2025 12:00:00 GMT-0400 (Eastern Daylight Time),0
Fri Aug 15 2025 12:00:00 GMT-0400 (Eastern Daylight Time),5036.92,,Fri Aug 15 2025 12:00:00 GMT-0400 (Eastern Daylight Time),5206,,Fri Aug 15 2025 12:00:00 GMT-0400 (Eastern Daylight Time),5004.11,,Fri Aug 15 2025 12:00:00 GMT-0400 (Eastern Daylight Time),5106.93,,Fri Aug 15 2025 12:00:00 GMT-0400 (Eastern Daylight Time),0
Fri Aug 22 2025 12:00:00 GMT-0400 (Eastern Daylight Time),5101.31,,Fri Aug 22 2025 12:00:00 GMT-0400 (Eastern Daylight Time),5247.99,,Fri Aug 22 2025 12:00:00 GMT-0400 (Eastern Daylight Time),5067.19,,Fri Aug 22 2025 12:00:00 GMT-0400 (Eastern Daylight Time),5238.24,,Fri Aug 22 2025 12:00:00 GMT-0400 (Eastern Daylight Time),0
Fri Aug 29 2025 12:00:00 GMT-0400 (Eastern Daylight Time),5227.43,,Fri Aug 29 2025 12:00:00 GMT-0400 (Eastern Daylight Time),5280.58,,Fri Aug 29 2025 12:00:00 GMT-0400 (Eastern Daylight Time),5209.51,,Fri Aug 29 2025 12:00:00 GMT-0400 (Eastern Daylight Time),5254.03,,Fri Aug 29 2025 12:00:00 GMT-0400 (Eastern Daylight Time),0
Fri Sep 05 2025 12:00:00 GMT-0400 (Eastern Daylight Time),5187.68,,Fri Sep 05 2025 12:00:00 GMT-0400 (Eastern Daylight Time),5329.19,,Fri Sep 05 2025 12:00:00 GMT-0400 (Eastern Daylight Time),5173.05,,Fri Sep 05 2025 12:00:00 GMT-0400 (Eastern Daylight Time),5284.87,,Fri Sep 05 2025 12:00:00 GMT-0400 (Eastern Daylight Time),0